sequence,accelx,accely,accelz,event
0,420,730,700,0
1,340,710,760,0
2,200,30,970,0
3,200,40,980,0
4,190,40,970,0
5,200,30,970,0
6,200,40,970,0
7,200,40,970,0
8,200,40,980,0
9,200,30,980,0
10,200,30,980,0
11,200,40,980,0
12,200,40,970,0
13,200,30,970,0
14,200,40,980,0
15,200,40,970,0
16,190,40,970,0
17,200,30,980,0
18,200,30,980,0
19,200,30,980,0
20,200,30,980,0
21,200,40,980,0
22,200,40,970,0
23,210,30,970,0
24,190,40,980,0
25,190,30,970,0
26,200,40,980,0
27,200,30,970,0
28,200,40,980,0
29,190,40,980,0
30,190,40,980,0
31,190,40,980,0
32,180,40,980,0
33,170,40,980,0
34,170,40,980,0
35,160,40,980,0
36,170,30,980,0
37,150,30,980,0
38,150,30,980,0
39,110,30,980,0
40,130,50,980,0
41,100,40,980,0
42,100,40,970,0
43,110,60,1000,0
44,130,30,980,0
45,140,30,990,0
46,140,40,980,0
47,110,30,980,0
48,110,20,980,0
49,90,40,990,0
50,100,30,1020,0
51,70,60,1030,0
52,170,20,970,0
53,220,30,980,0
54,210,80,960,0
55,210,40,970,0
56,210,50,970,0
57,220,50,970,0
58,210,40,980,0
59,220,40,970,0
60,210,30,980,0
61,210,40,980,0
62,210,40,970,0
63,210,40,970,0
64,210,40,970,0
65,210,30,970,0
66,210,30,970,0
67,210,40,970,0
68,210,30,970,0
69,220,40,970,0
70,210,30,970,0
71,210,40,970,0
72,210,30,980,0
73,210,30,980,0
74,210,30,970,0
75,210,40,970,2000
76,210,30,970,2000
77,210,30,970,2000
78,210,30,970,2000
79,210,30,980,2000
80,210,30,970,2000
81,210,30,980,2000
82,210,40,980,2000
83,210,40,970,2000
84,210,40,970,2000
85,210,30,970,2000
86,210,30,970,2000
87,210,40,980,2000
88,210,30,980,2000
89,210,30,980,2000
90,210,30,970,2000
91,240,40,970,2000
92,200,50,980,2000
93,210,40,980,2000
94,200,40,1000,2000
95,190,30,1010,2000
96,130,50,1020,2000
97,190,40,980,2000
98,150,50,1020,2000
99,60,50,1120,2000
100,130,0,1180,2000
101,210,-40,1090,2000
102,320,-110,950,2000
103,370,-130,780,2000
104,400,-30,620,2000
105,290,140,570,2000
106,140,310,790,2000
107,-10,380,1060,2000
108,-60,390,1280,2000
109,80,360,1460,2000
110,220,220,1480,2000
111,120,110,1510,2000
112,60,-30,1580,2000
113,200,-210,1640,2000
114,260,-260,1530,2000
115,500,-410,1390,2000
116,600,-460,1100,2000
117,650,-500,810,2000
118,570,-490,580,2000
119,380,-500,440,2000
120,250,-430,350,2000
121,90,-310,230,2000
122,130,-240,140,2000
123,-20,-90,210,2000
124,-260,-40,250,2000
125,-270,100,510,2000
126,-510,190,530,2000
127,-310,230,840,2000
128,-450,320,870,2000
129,-360,320,1060,2000
130,-220,290,1110,2000
131,-170,260,1250,2000
132,-130,230,1350,2000
133,-30,240,1470,2000
134,-190,230,1490,2000
135,110,30,1400,2000
136,130,-160,1250,2000
137,270,-240,1180,2000
138,270,-230,1120,2000
139,20,-20,1020,2000
140,90,90,1030,2000
141,30,170,980,2000
142,100,230,990,2000
143,100,230,970,2000
144,130,160,970,2000
145,90,140,980,2000
146,70,120,980,2000
147,100,130,1000,2000
148,140,120,1000,2000
149,160,120,990,2000
150,160,110,980,2000
151,170,110,980,2000
152,140,110,980,2000
153,120,110,980,2000
154,100,90,960,2000
155,110,110,950,2000
156,100,110,970,2000
157,100,90,1000,2000
158,90,120,980,2000
159,80,110,970,2000
160,130,110,990,2000
161,110,110,1040,2000
162,90,120,1060,2000
163,130,120,990,2000
164,180,90,900,2000
165,110,140,950,2000
166,130,90,940,2000
167,80,140,980,2000
168,110,100,1000,2000
169,90,100,1070,2000
170,90,100,1030,2000
171,170,120,980,2000
172,150,110,960,2000
173,180,110,950,2000
174,170,110,960,2000
175,160,100,970,0
176,170,110,980,0
177,160,110,970,0
178,140,100,980,0
179,160,110,980,0
180,150,100,980,0
181,140,110,980,0
182,160,110,980,0
183,140,100,980,0
184,150,110,970,0
185,180,100,970,0
186,150,110,980,0
187,160,100,970,0
188,160,100,970,0
189,160,100,980,0
190,160,110,970,0
191,160,110,970,0
192,190,100,980,0
193,150,120,960,0
194,140,120,980,0
195,90,140,980,0
196,170,110,970,0
197,170,110,960,0
198,180,80,970,0
199,170,50,970,0
200,180,70,990,0
201,190,70,990,0
202,200,110,990,0
203,210,130,1000,0
204,180,150,970,0
205,180,120,960,0
206,170,110,970,0
207,170,110,970,0
208,190,100,990,0
209,200,110,990,0
210,210,90,980,0
211,210,100,970,0
212,180,100,960,0
213,170,110,970,0
214,180,100,980,0
215,200,80,980,0
216,210,90,980,0
217,190,110,970,0
218,180,110,970,0
219,160,100,970,0
220,180,100,980,0
221,170,100,980,0
222,170,100,970,0
223,180,90,980,0
224,170,100,980,0
225,180,100,980,0
226,160,100,980,0
227,170,100,980,0
228,160,100,980,0
229,170,90,970,0
230,160,100,970,0
231,170,100,970,0
232,170,100,970,0
233,180,100,970,0
234,170,90,980,0
235,170,90,980,0
236,180,90,970,0
237,170,100,980,0
238,180,90,980,0
239,170,90,980,0
240,170,100,980,0
241,180,100,980,0
242,170,100,980,0
243,160,100,970,0
244,170,100,970,0
245,180,90,970,0
246,180,90,980,0
247,170,100,980,0
248,160,100,970,0
249,170,100,980,0
250,180,100,980,0
251,170,90,980,0
252,170,90,980,0
253,180,90,980,0
254,170,100,980,0
255,170,100,980,0
256,180,100,970,0
257,170,100,970,0
258,180,100,970,0
259,170,90,970,0
260,180,90,970,0
261,170,90,980,0
262,170,90,980,0
263,180,90,980,0
264,170,100,970,0
265,180,90,970,0
266,170,100,970,0
267,180,90,970,0
268,190,90,970,0
269,170,90,970,0
270,180,100,980,0
271,180,100,980,0
272,190,100,980,0
273,180,100,970,0
274,180,100,980,0
275,180,100,970,0
276,180,100,970,0
277,190,100,980,0
278,170,100,970,0
279,190,90,970,0
280,170,100,980,0
281,190,90,970,0
282,150,100,980,0
283,180,100,990,0
284,170,90,980,0
285,170,100,970,0
286,160,100,970,0
287,170,90,970,0
288,160,100,970,0
289,190,90,980,0
290,130,100,970,0
291,140,100,980,0
292,120,110,980,0
293,160,80,980,0
294,120,110,990,0
295,110,100,1000,0
296,140,80,990,0
297,110,90,990,0
298,160,90,1010,0
299,150,90,1040,0
300,140,90,980,0
301,200,90,940,0
302,180,100,930,0
303,180,100,960,0
304,200,100,980,0
305,180,100,980,0
306,180,100,980,0
307,180,100,980,0
308,170,90,980,0
309,190,100,980,0
310,190,100,970,0
311,190,100,980,0
312,190,100,980,0
313,180,100,970,0
314,190,100,970,0
315,190,100,970,0
316,180,100,980,0
317,190,100,980,0
318,190,100,980,0
319,170,100,970,0
320,190,100,980,0
321,180,100,970,0
322,190,90,970,0
323,180,100,970,0
324,190,90,970,0
325,190,100,980,2000
326,180,90,980,2000
327,190,100,980,2000
328,170,90,980,2000
329,190,90,980,2000
330,180,100,970,2000
331,170,90,970,2000
332,180,100,970,2000
333,160,100,970,2000
334,190,90,980,2000
335,180,90,970,2000
336,190,90,980,2000
337,190,90,970,2000
338,180,90,970,2000
339,190,90,970,2000
340,200,100,970,2000
341,200,110,970,2000
342,190,130,940,2000
343,200,220,850,2000
344,170,360,840,2000
345,140,470,920,2000
346,100,500,980,2000
347,170,480,1100,2000
348,160,490,1290,2000
349,130,480,1490,2000
350,80,400,1700,2000
351,270,290,1900,2000
352,450,110,1970,2000
353,740,-10,1770,2000
354,1070,-340,1380,2000
355,940,-410,840,2000
356,920,-360,510,2000
357,590,-310,220,2000
358,520,-140,130,2000
359,240,-20,-60,2000
360,100,60,-140,2000
361,-60,150,-170,2000
362,-140,290,30,2000
363,-260,580,440,2000
364,-500,690,760,2000
365,-140,750,1190,2000
366,-390,810,1340,2000
367,80,530,1390,2000
368,-130,630,1500,2000
369,40,390,1710,2000
370,160,310,1670,2000
371,270,0,1540,2000
372,420,-170,1340,2000
373,290,-100,1190,2000
374,220,-20,1070,2000
375,230,30,990,2000
376,240,30,980,2000
377,180,130,920,2000
378,210,140,940,2000
379,180,210,950,2000
380,190,200,970,2000
381,200,210,980,2000
382,160,220,980,2000
383,170,220,960,2000
384,210,200,960,2000
385,210,190,970,2000
386,200,180,970,2000
387,210,180,970,2000
388,210,180,960,2000
389,220,200,950,2000
390,200,150,950,2000
391,180,200,940,2000
392,210,190,950,2000
393,150,180,940,2000
394,140,230,1010,2000
395,200,180,1050,2000
396,190,210,1060,2000
397,210,180,990,2000
398,230,150,870,2000
399,190,230,870,2000
400,200,140,930,2000
401,140,210,980,2000
402,210,170,1030,2000
403,180,210,1030,2000
404,220,190,990,2000
405,220,160,950,2000
406,250,180,920,2000
407,220,170,930,2000
408,230,170,960,2000
409,210,170,960,2000
410,220,170,960,2000
411,210,170,970,2000
412,220,170,970,2000
413,230,160,970,2000
414,210,170,960,2000
415,220,180,970,2000
416,230,160,960,2000
417,210,180,960,2000
418,250,170,960,2000
419,220,160,960,2000
420,220,160,960,2000
421,240,170,970,2000
422,220,160,970,2000
423,210,160,960,2000
424,220,170,970,2000
425,210,160,960,0
426,220,160,960,0
427,220,170,970,0
428,220,160,970,0
429,220,160,960,0
430,220,160,960,0
431,220,160,960,0
432,220,160,960,0
433,220,170,960,0
434,220,160,970,0
435,230,150,970,0
436,210,160,970,0
437,220,160,970,0
438,220,160,960,0
439,220,150,970,0
440,220,150,960,0
441,220,150,970,0
442,220,160,970,0
443,220,150,960,0
444,220,150,970,0
445,220,140,970,0
446,220,150,970,0
447,220,160,970,0
448,220,150,970,0
449,220,140,960,0
450,220,140,970,0
451,220,140,970,0
452,220,140,970,0
453,220,140,970,0
454,220,140,970,0
455,220,140,960,0
456,220,140,970,0
457,220,140,970,0
458,220,140,970,0
459,220,140,970,0
460,220,140,970,0
461,220,140,970,0
462,220,140,970,0
463,220,140,960,0
464,220,140,970,0
465,220,140,960,0
466,220,140,960,0
467,220,140,970,0
468,220,140,970,0
469,220,140,970,0
470,230,140,970,0
471,220,140,970,0
472,230,140,970,0
473,220,140,970,0
474,220,140,970,0
475,220,140,970,0
476,220,140,960,0
477,230,140,970,0
478,220,140,960,0
479,230,140,970,0
480,220,140,970,0
481,220,130,970,0
482,230,140,970,0
483,220,130,960,0
484,220,130,970,0
485,220,130,960,0
486,220,130,970,0
487,220,130,970,0
488,220,130,970,0
489,220,130,970,0
490,220,130,970,0
491,220,130,970,0
492,230,130,970,0
493,220,130,960,0
494,230,130,970,0
495,220,130,970,0
496,220,130,960,0
497,220,120,970,0
498,220,120,970,0
499,220,120,970,0
500,230,130,970,0
501,220,130,970,0
502,220,130,970,0
503,220,120,970,0
504,220,130,970,0
505,220,130,970,0
506,220,120,970,0
507,220,120,970,0
508,220,130,970,0
509,220,120,970,0
510,220,120,970,0
511,220,120,970,0
512,220,120,970,0
513,220,120,960,0
514,220,120,970,0
515,220,120,970,0
516,220,120,970,0
517,220,120,970,0
518,220,120,970,0
519,220,130,960,0
520,220,120,970,0
521,220,120,960,0
522,220,120,970,0
523,220,120,970,0
524,220,120,970,0
525,220,120,970,0
526,220,120,970,0
527,220,120,960,0
528,220,130,970,0
529,220,120,970,0
530,220,120,970,0
531,220,120,970,0
532,220,120,960,0
533,220,120,970,0
534,210,120,970,0
535,220,120,970,0
536,230,130,970,0
537,220,120,960,0
538,210,120,960,0
539,220,130,970,0
540,210,110,960,0
541,220,130,970,0
542,210,110,970,0
543,240,130,970,0
544,210,110,970,0
545,220,120,970,0
546,210,120,970,0
547,210,120,960,0
548,210,120,960,0
549,210,120,970,0
550,200,140,970,0
551,210,110,990,0
552,170,140,970,0
553,210,110,960,0
554,180,140,960,0
555,200,120,980,0
556,190,150,980,0
557,180,110,970,0
558,210,130,1000,0
559,230,140,990,0
560,250,120,970,0
561,210,140,930,0
562,220,160,940,0
563,220,140,960,0
564,210,140,970,0
565,230,140,970,0
566,210,130,970,0
567,210,130,970,0
568,220,130,970,0
569,230,140,970,0
570,220,140,970,0
571,230,130,970,0
572,220,130,960,0
573,220,130,960,0
574,230,120,960,0
575,220,120,970,2000
576,220,120,970,2000
577,220,120,970,2000
578,220,120,970,2000
579,220,120,960,2000
580,220,120,970,2000
581,230,120,960,2000
582,220,120,970,2000
583,220,120,970,2000
584,220,120,970,2000
585,220,120,970,2000
586,220,110,970,2000
587,220,130,970,2000
588,220,130,960,2000
589,220,120,960,2000
590,220,130,960,2000
591,210,160,950,2000
592,240,130,950,2000
593,230,140,960,2000
594,210,170,900,2000
595,210,300,760,2000
596,210,460,750,2000
597,90,550,890,2000
598,130,570,1080,2000
599,280,500,1340,2000
600,90,480,1600,2000
601,210,410,1830,2000
602,420,300,2020,2000
603,520,220,1940,2000
604,970,-40,1770,2000
605,980,-180,1280,2000
606,1190,-240,760,2000
607,990,-190,370,2000
608,640,-140,100,2000
609,460,-80,-10,2000
610,160,30,-100,2000
611,0,60,-100,2000
612,-150,170,10,2000
613,-240,270,270,2000
614,-330,480,600,2000
615,-510,630,750,2000
616,-240,710,1030,2000
617,-290,570,990,2000
618,200,540,1160,2000
619,70,530,1470,2000
620,50,490,1520,2000
621,560,340,1760,2000
622,170,140,1580,2000
623,620,-10,1410,2000
624,440,-250,1110,2000
625,460,-180,1000,2000
626,390,-120,970,2000
627,190,-20,950,2000
628,320,70,950,2000
629,290,140,940,2000
630,280,180,960,2000
631,270,230,970,2000
632,210,210,970,2000
633,300,200,970,2000
634,230,200,960,2000
635,220,190,970,2000
636,260,180,960,2000
637,230,170,950,2000
638,260,150,920,2000
639,270,150,960,2000
640,260,170,970,2000
641,270,160,960,2000
642,260,170,960,2000
643,300,160,950,2000
644,240,170,940,2000
645,290,160,970,2000
646,270,130,950,2000
647,210,180,960,2000
648,230,160,950,2000
649,200,180,950,2000
650,250,140,970,2000
651,290,160,1000,2000
652,230,140,1010,2000
653,240,200,970,2000
654,280,130,880,2000
655,210,200,940,2000
656,270,150,970,2000
657,220,160,950,2000
658,220,140,970,2000
659,270,150,1000,2000
660,270,180,980,2000
661,280,170,950,2000
662,320,170,940,2000
663,280,150,930,2000
664,320,140,940,2000
665,320,150,950,2000
666,330,140,950,2000
667,290,130,960,2000
668,300,140,960,2000
669,290,140,960,2000
670,290,130,960,2000
671,300,140,950,2000
672,280,130,960,2000
673,300,130,960,2000
674,280,130,950,2000
675,280,130,960,0
676,290,140,960,0
677,280,130,950,0
678,270,130,960,0
679,280,130,960,0
680,290,130,950,0
681,280,120,960,0
682,280,120,950,0
683,290,120,950,0
684,280,110,950,0
685,280,110,950,0
686,300,110,950,0
687,290,110,970,0
688,290,110,960,0
689,300,110,950,0
690,290,100,960,0
691,290,110,950,0
692,310,110,950,0
693,300,110,960,0
694,290,100,950,0
695,290,100,960,0
696,300,110,960,0
697,300,100,960,0
698,290,100,960,0
699,290,110,950,0
700,320,110,950,0
701,310,100,960,0
702,290,110,960,0
703,280,110,960,0
704,300,110,960,0
705,290,110,960,0
706,300,100,950,0
707,280,100,950,0
708,290,100,950,0
709,290,100,960,0
710,290,110,960,0
711,280,100,960,0
712,280,100,960,0
713,270,110,960,0
714,290,100,960,0
715,270,100,970,0
716,280,100,960,0
717,270,100,960,0
718,280,100,960,0
719,280,100,960,0
720,280,100,960,0
721,270,100,960,0
722,270,100,960,0
723,270,100,970,0
724,270,100,960,0
725,280,100,960,0
726,270,100,960,0
727,270,100,960,0
728,270,100,960,0
729,270,100,970,0
730,270,100,970,0
731,270,100,970,0
732,270,100,970,0
733,260,100,960,0
734,270,100,960,0
735,270,100,950,0
736,270,100,960,0
737,270,100,970,0
738,260,100,970,0
739,270,100,960,0
740,270,110,960,0
741,280,100,970,0
742,270,110,960,0
743,270,110,970,0
744,270,100,960,0
745,270,100,950,0
746,280,100,960,0
747,270,100,960,0
748,270,100,960,0
749,270,100,960,0
750,280,100,960,0
751,270,100,960,0
752,270,100,960,0
753,270,100,960,0
754,280,100,960,0
755,270,100,960,0
756,280,100,960,0
757,270,100,960,0
758,280,100,960,0
759,270,100,960,0
760,270,100,960,0
761,280,100,960,0
762,280,100,960,0
763,270,100,960,0
764,280,100,960,0
765,280,100,960,0
766,280,110,960,0
767,270,100,960,0
768,280,100,960,0
769,280,100,960,0
770,280,100,960,0
771,270,100,960,0
772,270,100,970,0
773,280,100,960,0
774,270,100,960,0
775,280,110,960,0
776,270,110,960,0
777,280,110,960,0
778,280,100,960,0
779,280,110,960,0
780,280,100,960,0
781,280,100,960,0
782,280,100,960,0
783,280,100,960,0
784,280,100,960,0
785,300,100,970,0
786,270,100,960,0
787,280,100,960,0
788,270,100,950,0
789,270,100,960,0
790,270,100,960,0
791,260,110,970,0
792,270,100,970,0
793,270,100,970,0
794,260,100,970,0
795,260,100,960,0
796,250,100,970,0
797,260,100,970,0
798,260,100,970,0
799,260,100,970,0
800,260,100,970,0
801,260,100,960,0
802,260,100,960,0
803,260,100,960,0
804,260,100,960,0
805,270,100,970,0
806,250,110,960,0
807,260,100,970,0
808,270,100,970,0
809,260,100,960,0
810,270,100,960,0
811,270,100,970,0
812,270,100,960,0
813,270,110,960,0
814,260,110,960,0
815,260,110,960,0
816,270,100,960,0
817,260,110,960,0
818,270,110,960,0
819,300,60,960,0
820,270,100,960,0
821,290,100,960,0
822,280,100,960,0
823,280,100,960,0
824,290,100,960,0
825,280,100,960,0
826,280,100,970,0
827,280,100,960,0
828,280,100,960,0
829,290,100,960,0
830,280,100,950,0
831,290,100,960,0
832,290,100,960,0
833,300,100,960,0
834,280,100,960,0
835,270,100,960,0
836,280,100,960,0
837,280,100,960,0
838,280,100,960,0
839,270,110,960,0
840,270,100,970,0
841,260,90,970,0
842,260,100,970,0
843,260,100,970,0
844,270,100,970,0
845,240,100,970,0
846,280,80,970,0
847,240,100,960,0
848,260,100,960,0
849,260,100,960,0
850,250,100,960,0
851,240,100,970,0
852,260,100,970,0
853,260,100,970,0
854,250,100,970,0
855,260,100,960,0
856,250,100,970,0
857,260,100,970,0
858,240,100,970,0
859,260,100,970,0
860,260,90,960,0
861,240,100,960,0
862,240,100,970,0
863,240,100,960,0
864,250,90,970,0
865,240,100,970,0
866,250,90,970,0
867,220,100,970,0
868,250,100,970,0
869,240,100,960,0
870,240,100,970,0
871,240,100,960,0
872,250,100,970,0
873,250,90,970,0
874,240,90,970,0
875,240,100,970,0
876,240,100,960,0
877,240,100,960,0
878,250,100,970,0
879,240,100,960,0
880,250,100,970,0
881,240,100,970,0
882,240,100,970,0
883,240,100,970,0
884,240,100,960,0
885,240,100,970,0
886,240,80,960,0
887,230,100,970,0
888,250,90,970,0
889,220,90,960,0
890,210,90,970,0
891,240,110,970,0
892,210,80,970,0
893,220,80,970,0
894,230,90,970,0
895,230,80,980,0
896,210,100,970,0
897,220,100,980,0
898,210,100,980,0
899,230,100,980,0
900,270,90,960,0
901,250,100,960,0
902,270,110,950,0
903,260,100,950,0
904,260,110,960,0
905,270,100,960,0
906,270,100,960,0
907,260,110,970,0
908,260,100,960,0
909,250,110,960,0
910,270,100,970,0
911,270,100,960,0
912,280,100,970,0
913,270,100,960,0
914,260,100,960,0
915,280,100,960,0
916,280,100,960,0
917,270,100,960,0
918,280,100,970,0
919,270,100,960,0
920,280,100,960,0
921,280,100,960,0
922,280,100,960,0
923,270,100,960,0
924,280,100,960,0
925,280,100,970,2000
926,280,90,960,2000
927,280,100,960,2000
928,280,100,960,2000
929,270,100,960,2000
930,280,100,960,2000
931,280,100,960,2000
932,280,100,970,2000
933,280,100,960,2000
934,280,100,960,2000
935,270,100,960,2000
936,280,100,960,2000
937,280,100,960,2000
938,280,100,970,2000
939,280,90,960,2000
940,280,100,960,2000
941,280,100,960,2000
942,280,100,960,2000
943,280,100,960,2000
944,280,100,960,2000
945,280,90,960,2000
946,290,90,960,2000
947,280,100,950,2000
948,270,130,930,2000
949,340,100,930,2000
950,350,120,900,2000
951,230,260,820,2000
952,210,410,780,2000
953,210,460,940,2000
954,220,490,1120,2000
955,270,480,1290,2000
956,220,410,1480,2000
957,90,340,1610,2000
958,240,250,1790,2000
959,400,20,1880,2000
960,470,-70,1750,2000
961,980,-200,1460,2000
962,950,-320,960,2000
963,870,-400,450,2000
964,630,-290,90,2000
965,460,-190,-80,2000
966,270,-100,-190,2000
967,70,40,-220,2000
968,-20,140,-90,2000
969,-90,320,170,2000
970,-70,570,590,2000
971,-200,880,1090,2000
972,-200,810,1310,2000
973,280,720,1300,2000
974,300,630,1640,2000
975,240,500,1820,2000
976,730,270,1880,2000
977,410,-50,1550,2000
978,740,-240,1250,2000
979,620,-380,960,2000
980,480,-320,840,2000
981,400,-180,830,2000
982,270,-40,870,2000
983,270,90,910,2000
984,320,120,960,2000
985,320,160,970,2000
986,350,160,980,2000
987,280,130,970,2000
988,230,170,900,2000
989,360,110,970,2000
990,360,80,970,2000
991,340,90,960,2000
992,340,140,960,2000
993,350,160,960,2000
994,350,140,950,2000
995,350,130,940,2000
996,350,130,920,2000
997,350,130,920,2000
998,360,150,930,2000
999,340,130,910,2000
1000,350,120,910,2000
1001,350,150,910,2000
1002,290,150,930,2000
1003,310,130,970,2000
1004,340,160,980,2000
1005,320,140,960,2000
1006,310,160,970,2000
1007,300,220,980,2000
1008,340,120,960,2000
1009,270,180,870,2000
1010,380,170,890,2000
1011,290,160,940,2000
1012,270,180,960,2000
1013,280,160,950,2000
1014,340,120,970,2000
1015,380,200,970,2000
1016,350,160,960,2000
1017,340,170,920,2000
1018,330,160,900,2000
1019,350,160,920,2000
1020,350,150,920,2000
1021,320,190,920,2000
1022,420,120,950,2000
1023,340,170,940,2000
1024,350,140,940,2000
1025,360,150,940,0
1026,390,150,950,0
1027,350,120,960,0
1028,340,130,950,0
1029,320,140,910,0
1030,370,140,920,0
1031,350,140,930,0
1032,360,130,950,0
1033,350,130,940,0
1034,350,140,930,0
1035,350,120,930,0
1036,350,130,940,0
1037,350,140,940,0
1038,350,120,940,0
1039,350,120,940,0
1040,350,110,940,0
1041,350,120,940,0
1042,350,110,940,0
1043,350,120,950,0
1044,350,110,940,0
1045,350,120,950,0
1046,330,120,940,0
1047,340,110,940,0
1048,340,110,940,0
1049,350,110,940,0
1050,350,120,940,0
1051,320,150,950,0
1052,340,120,950,0
1053,330,120,950,0
1054,350,110,940,0
1055,360,110,940,0
1056,350,110,950,0
1057,350,110,950,0
1058,320,110,890,0
1059,350,120,940,0
1060,360,110,960,0
1061,330,110,940,0
1062,350,110,940,0
1063,360,110,940,0
1064,350,110,950,0
1065,350,120,950,0
1066,350,110,940,0
1067,350,110,930,0
1068,350,110,940,0
1069,360,110,940,0
1070,360,110,940,0
1071,360,110,940,0
1072,350,110,940,0
1073,360,110,950,0
1074,360,110,930,0
1075,350,110,930,0
1076,360,110,950,0
1077,360,110,950,0
1078,360,110,940,0
1079,360,110,950,0
1080,360,110,950,0
1081,350,110,930,0
1082,360,110,920,0
1083,350,110,930,0
1084,350,110,930,0
1085,350,110,940,0
1086,350,110,940,0
1087,350,130,940,0
1088,350,130,940,0
1089,350,130,950,0
1090,350,120,930,0
1091,350,120,930,0
1092,350,120,940,0
1093,350,120,940,0
1094,350,110,940,0
1095,350,110,940,0
1096,350,120,940,0
1097,350,120,940,0
1098,350,110,940,0
1099,350,110,940,0
1100,350,120,940,0
1101,350,120,940,0
1102,350,110,930,0
1103,350,120,940,0
1104,350,110,940,0
1105,350,110,930,0
1106,350,110,940,0
1107,350,120,950,0
1108,350,110,950,0
1109,350,110,940,0
1110,350,110,940,0
1111,350,110,940,0
1112,350,110,930,0
1113,350,110,940,0
1114,350,110,940,0
1115,350,110,940,0
1116,350,110,950,0
1117,350,110,940,0
1118,360,110,940,0
1119,350,110,940,0
1120,350,110,940,0
1121,350,110,930,0
1122,350,110,940,0
1123,350,110,940,0
1124,350,110,940,0
1125,350,110,940,0
1126,350,110,940,0
1127,360,110,940,0
1128,350,110,930,0
1129,350,110,940,0
1130,360,110,940,0
1131,350,110,940,0
1132,350,110,940,0
1133,350,100,930,0
1134,350,110,940,0
1135,360,110,930,0
1136,360,110,930,0
1137,360,110,940,0
1138,380,120,970,0
1139,340,140,990,0
1140,390,130,950,0
1141,330,130,890,0
1142,350,120,880,0
1143,360,100,900,0
1144,350,90,940,0
1145,350,70,940,0
1146,370,60,940,0
1147,370,90,950,0
1148,370,90,940,0
1149,360,100,940,0
1150,370,110,950,0
1151,370,110,940,0
1152,360,110,950,0
1153,350,120,960,0
1154,350,110,950,0
1155,350,100,930,0
1156,350,90,920,0
1157,360,80,920,0
1158,360,90,930,0
1159,360,90,940,0
1160,360,90,940,0
1161,360,90,930,0
1162,370,100,940,0
1163,360,110,930,0
1164,360,110,940,0
1165,360,110,940,0
1166,360,120,940,0
1167,350,140,950,0
1168,350,150,940,0
1169,350,150,940,0
1170,340,130,940,0
1171,350,110,940,0
1172,350,100,930,0
1173,350,100,900,0
1174,350,110,910,0
1175,360,120,940,0
1176,360,110,960,0
1177,360,110,950,0
1178,350,110,950,0
1179,360,110,950,0
1180,360,110,940,0
1181,350,110,930,0
1182,350,110,930,0
1183,360,110,940,0
1184,360,110,930,0
1185,310,110,950,0
1186,350,90,940,0
1187,300,100,940,0
1188,340,100,970,0
1189,320,50,950,0
1190,290,110,950,0
1191,350,90,950,0
1192,300,100,960,0
1193,330,110,970,0
1194,310,100,970,0
1195,310,80,980,0
1196,360,130,960,0
1197,360,90,920,0
1198,320,100,910,0
1199,360,110,930,0
1200,350,100,930,0
1201,350,110,930,0
1202,370,110,940,0
1203,360,110,950,0
1204,360,110,950,0
1205,360,100,950,0
1206,350,110,940,0
1207,370,110,930,0
1208,360,110,930,0
1209,350,100,920,0
1210,360,100,930,0
1211,360,100,940,0
1212,350,100,940,0
1213,360,100,950,0
1214,350,100,940,0
1215,350,100,940,0
1216,360,110,940,0
1217,350,100,930,0
1218,350,100,940,0
1219,360,100,940,0
1220,350,100,950,0
1221,360,100,940,0
1222,350,100,940,0
1223,350,100,930,0
1224,350,100,940,0
1225,360,100,940,2000
1226,350,100,940,2000
1227,350,100,940,2000
1228,350,100,940,2000
1229,350,100,940,2000
1230,350,100,940,2000
1231,350,100,950,2000
1232,350,100,940,2000
1233,350,100,940,2000
1234,350,110,940,2000
1235,350,100,950,2000
1236,350,100,940,2000
1237,350,100,940,2000
1238,350,100,950,2000
1239,350,100,940,2000
1240,350,100,940,2000
1241,340,100,930,2000
1242,350,100,940,2000
1243,350,110,940,2000
1244,350,100,930,2000
1245,360,110,930,2000
1246,350,140,890,2000
1247,270,310,760,2000
1248,240,470,750,2000
1249,210,510,850,2000
1250,250,520,1030,2000
1251,310,480,1380,2000
1252,220,380,1740,2000
1253,530,360,2010,2000
1254,850,120,1980,2000
1255,940,-20,1730,2000
1256,1240,-230,1290,2000
1257,1400,-240,770,2000
1258,1230,-240,260,2000
1259,890,-120,10,2000
1260,390,10,-140,2000
1261,160,110,-220,2000
1262,40,250,-200,2000
1263,20,410,0,2000
1264,-100,780,340,2000
1265,-100,950,810,2000
1266,20,1010,1120,2000
1267,360,890,1420,2000
1268,660,700,1650,2000
1269,650,490,1870,2000
1270,560,310,1770,2000
1271,660,40,1530,2000
1272,470,-40,1140,2000
1273,720,-120,940,2000
1274,480,-80,800,2000
1275,520,-40,850,2000
1276,420,70,860,2000
1277,400,140,880,2000
1278,360,220,870,2000
1279,350,240,870,2000
1280,360,250,880,2000
1281,380,250,890,2000
1282,360,240,910,2000
1283,400,230,930,2000
1284,380,230,910,2000
1285,370,240,910,2000
1286,400,230,880,2000
1287,410,230,890,2000
1288,380,240,900,2000
1289,420,220,900,2000
1290,410,220,900,2000
1291,420,220,890,2000
1292,410,230,880,2000
1293,400,220,880,2000
1294,420,200,870,2000
1295,360,200,910,2000
1296,420,190,940,2000
1297,360,180,940,2000
1298,410,220,940,2000
1299,330,190,940,2000
1300,380,210,940,2000
1301,350,210,940,2000
1302,390,140,870,2000
1303,380,200,910,2000
1304,420,220,860,2000
1305,350,160,890,2000
1306,350,210,860,2000
1307,360,190,890,2000
1308,410,210,960,2000
1309,330,210,980,2000
1310,430,170,930,2000
1311,410,190,880,2000
1312,420,190,880,2000
1313,430,200,880,2000
1314,450,180,900,2000
1315,440,210,910,2000
1316,440,190,890,2000
1317,440,200,900,2000
1318,430,200,880,2000
1319,430,190,880,2000
1320,440,190,900,2000
1321,440,190,880,2000
1322,420,180,880,2000
1323,420,180,890,2000
1324,440,180,900,2000
1325,420,170,890,0
1326,430,170,900,0
1327,430,180,890,0
1328,430,170,890,0
1329,440,180,890,0
1330,420,170,880,0
1331,440,170,900,0
1332,450,170,910,0
1333,440,170,890,0
1334,430,170,890,0
1335,440,170,900,0
1336,450,160,900,0
1337,430,170,880,0
1338,450,170,890,0
1339,440,180,890,0
1340,440,170,890,0
1341,440,170,890,0
1342,450,170,890,0
1343,440,180,890,0
1344,440,170,890,0
1345,440,170,890,0
1346,440,170,890,0
1347,440,170,890,0
1348,430,170,890,0
1349,440,170,890,0
1350,440,170,890,0
1351,440,170,900,0
1352,440,170,890,0
1353,430,160,890,0
1354,440,160,890,0
1355,440,170,890,0
1356,450,150,900,0
1357,440,160,900,0
1358,440,160,890,0
1359,440,160,890,0
1360,450,160,890,0
1361,440,160,890,0
1362,430,170,890,0
1363,450,160,890,0
1364,440,160,890,0
1365,440,160,890,0
1366,440,160,890,0
1367,450,160,890,0
1368,430,170,890,0
1369,440,180,880,0
1370,460,140,890,0
1371,450,140,880,0
1372,450,160,880,0
1373,450,150,890,0
1374,450,150,880,0
1375,460,160,880,0
1376,450,160,880,0
1377,450,160,890,0
1378,450,160,880,0
1379,450,150,880,0
1380,460,150,880,0
1381,450,150,880,0
1382,460,150,890,0
1383,460,150,890,0
1384,460,140,880,0
1385,450,140,880,0
1386,450,150,890,0
1387,450,140,880,0
1388,460,140,890,0
1389,450,150,890,0
1390,450,140,890,0
1391,460,140,880,0
1392,460,140,880,0
1393,450,150,890,0
1394,450,150,890,0
1395,460,140,880,0
1396,460,150,880,0
1397,450,140,880,0
1398,450,140,880,0
1399,450,140,880,0
1400,450,140,880,0
1401,460,130,890,0
1402,460,130,890,0
1403,460,140,880,0
1404,450,140,880,0
1405,460,130,880,0
1406,460,140,890,0
1407,460,140,890,0
1408,460,130,890,0
1409,460,130,890,0
1410,450,140,890,0
1411,460,130,880,0
1412,450,130,870,0
1413,460,130,880,0
1414,460,130,880,0
1415,460,130,880,0
1416,460,130,880,0
1417,450,130,890,0
1418,450,130,890,0
1419,460,120,890,0
1420,460,130,890,0
1421,460,130,890,0
1422,450,130,880,0
1423,460,130,880,0
1424,450,130,890,0
1425,450,120,880,0
1426,460,120,880,0
1427,450,130,890,0
1428,460,120,890,0
1429,460,120,890,0
1430,450,130,890,0
1431,460,120,880,0
1432,460,130,880,0
1433,460,130,890,0
1434,460,130,890,0
1435,450,130,890,0
1436,450,130,880,0
1437,460,130,880,0
1438,460,130,890,0
1439,460,130,880,0
1440,450,130,880,0
1441,460,120,890,0
1442,450,130,890,0
1443,460,120,890,0
1444,460,120,890,0
1445,460,130,880,0
1446,460,130,890,0
1447,460,130,880,0
1448,450,130,880,0
1449,460,130,890,0
1450,460,130,890,0
1451,460,130,890,0
1452,450,120,880,0
1453,460,130,890,0
1454,460,130,890,0
1455,460,120,880,0
1456,450,120,880,0
1457,460,120,880,0
1458,450,120,880,0
1459,460,120,880,0
1460,460,130,890,0
1461,460,120,890,0
1462,460,120,890,0
1463,460,120,880,0
1464,460,120,880,0
1465,460,130,880,0
1466,460,130,880,0
1467,460,130,890,0
1468,460,130,890,0
1469,460,130,890,0
1470,460,130,890,0
1471,460,120,890,0
1472,460,130,880,0
1473,460,120,880,0
1474,460,120,870,0
1475,460,110,880,0
1476,460,120,880,0
1477,460,130,890,0
1478,460,120,890,0
1479,460,120,890,0
1480,450,130,880,0
1481,460,130,880,0
1482,450,130,880,0
1483,440,120,880,0
1484,440,140,880,0
1485,440,120,880,0
1486,430,130,900,0
1487,430,150,930,0
1488,450,110,930,0
1489,370,150,920,0
1490,450,120,900,0
1491,390,120,900,0
1492,380,120,910,0
1493,410,140,920,0
1494,380,130,930,0
1495,460,120,900,0
1496,460,140,900,0
1497,420,130,870,0
1498,460,130,880,0
1499,460,130,890,0
1500,460,120,880,0
1501,450,120,880,0
1502,440,120,890,0
1503,460,120,900,0
1504,460,110,890,0
1505,460,120,900,0
1506,450,120,890,0
1507,460,120,880,0
1508,460,120,880,0
1509,450,120,880,0
1510,460,110,880,0
1511,450,110,880,0
1512,460,110,900,0
1513,450,110,890,0
1514,450,110,890,0
1515,450,120,890,0
1516,460,110,890,0
1517,450,110,890,0
1518,450,110,890,0
1519,450,110,890,0
1520,450,110,890,0
1521,450,120,890,0
1522,450,110,890,0
1523,450,110,880,0
1524,450,110,880,0
1525,450,110,890,2000
1526,450,110,890,2000
1527,450,110,890,2000
1528,450,110,900,2000
1529,450,110,890,2000
1530,450,110,890,2000
1531,450,120,890,2000
1532,460,110,890,2000
1533,440,120,890,2000
1534,450,110,900,2000
1535,450,110,900,2000
1536,440,110,900,2000
1537,450,110,880,2000
1538,450,110,890,2000
1539,450,110,890,2000
1540,450,110,890,2000
1541,450,110,880,2000
1542,450,110,880,2000
1543,440,130,870,2000
1544,450,100,890,2000
1545,450,80,880,2000
1546,440,110,840,2000
1547,430,160,710,2000
1548,440,230,740,2000
1549,410,360,850,2000
1550,360,440,970,2000
1551,340,470,1160,2000
1552,350,430,1370,2000
1553,340,300,1560,2000
1554,580,230,1810,2000
1555,860,110,1860,2000
1556,1010,-50,1570,2000
1557,1210,-230,1180,2000
1558,990,-280,740,2000
1559,890,-280,450,2000
1560,660,-280,180,2000
1561,430,-280,50,2000
1562,320,-150,-50,2000
1563,0,-20,-160,2000
1564,0,30,-10,2000
1565,-200,200,70,2000
1566,40,290,530,2000
1567,-70,520,790,2000
1568,170,500,1060,2000
1569,220,600,1190,2000
1570,530,480,1400,2000
1571,670,490,1380,2000
1572,820,380,1600,2000
1573,850,300,1540,2000
1574,540,40,1390,2000
1575,620,50,1130,2000
1576,780,-70,930,2000
1577,570,-130,810,2000
1578,710,-130,810,2000
1579,470,-70,820,2000
1580,460,90,860,2000
1581,450,160,860,2000
1582,420,230,840,2000
1583,460,230,870,2000
1584,430,260,870,2000
1585,460,230,880,2000
1586,470,230,870,2000
1587,450,230,870,2000
1588,460,230,880,2000
1589,460,240,870,2000
1590,460,230,870,2000
1591,460,230,870,2000
1592,450,230,860,2000
1593,470,230,850,2000
1594,470,230,850,2000
1595,470,210,860,2000
1596,450,230,840,2000
1597,470,200,840,2000
1598,410,240,860,2000
1599,480,200,870,2000
1600,410,230,870,2000
1601,470,200,910,2000
1602,420,220,880,2000
1603,440,230,910,2000
1604,460,230,880,2000
1605,440,230,920,2000
1606,460,180,870,2000
1607,460,210,780,2000
1608,430,240,810,2000
1609,480,200,850,2000
1610,350,220,900,2000
1611,460,230,920,2000
1612,370,250,940,2000
1613,480,180,880,2000
1614,470,230,840,2000
1615,480,230,820,2000
1616,460,210,830,2000
1617,460,220,840,2000
1618,460,220,850,2000
1619,500,230,860,2000
1620,470,200,870,2000
1621,470,220,870,2000
1622,460,210,860,2000
1623,460,210,850,2000
1624,460,210,850,2000
1625,460,210,850,0
1626,460,210,870,0
1627,470,210,860,0
1628,460,200,850,0
1629,460,200,860,0
1630,470,210,860,0
1631,460,200,860,0
1632,470,210,860,0
1633,460,210,860,0
1634,470,210,860,0
1635,460,210,860,0
1636,470,210,850,0
1637,470,200,850,0
1638,470,200,860,0
1639,460,200,860,0
1640,470,200,860,0
1641,470,200,860,0
1642,480,210,860,0
1643,470,200,860,0
1644,470,200,860,0
1645,440,250,830,0
1646,500,220,850,0
1647,490,190,860,0
1648,470,190,860,0
1649,480,200,860,0
1650,480,200,860,0
1651,470,200,850,0
1652,470,210,850,0
1653,470,210,850,0
1654,470,210,840,0
1655,470,200,850,0
1656,470,200,860,0
1657,480,200,850,0
1658,480,200,860,0
1659,470,200,860,0
1660,490,200,860,0
1661,480,200,850,0
1662,470,200,850,0
1663,480,190,850,0
1664,470,200,850,0
1665,470,200,850,0
1666,480,200,860,0
1667,480,200,860,0
1668,480,200,860,0
1669,470,200,860,0
1670,470,200,860,0
1671,470,200,850,0
1672,480,200,850,0
1673,480,190,860,0
1674,480,200,860,0
1675,470,200,860,0
1676,480,190,860,0
1677,480,190,850,0
1678,480,190,850,0
1679,480,190,860,0
1680,470,190,860,0
1681,470,190,860,0
1682,470,190,850,0
1683,480,190,860,0
1684,480,190,860,0
1685,470,190,860,0
1686,480,190,860,0
1687,480,190,860,0
1688,480,190,850,0
1689,480,190,860,0
1690,470,190,850,0
1691,480,190,860,0
1692,470,180,860,0
1693,470,180,860,0
1694,470,190,860,0
1695,480,190,860,0
1696,480,190,860,0
1697,480,180,860,0
1698,470,180,860,0
1699,480,180,860,0
1700,480,190,860,0
1701,480,180,860,0
1702,480,180,860,0
1703,480,180,860,0
1704,470,180,850,0
1705,480,180,860,0
1706,480,180,860,0
1707,480,180,860,0
1708,480,170,860,0
1709,470,170,860,0
1710,480,170,860,0
1711,470,180,860,0
1712,490,180,860,0
1713,470,170,850,0
1714,480,180,870,0
1715,480,180,860,0
1716,480,180,860,0
1717,480,180,860,0
1718,480,170,860,0
1719,480,170,850,0
1720,470,180,850,0
1721,480,180,860,0
1722,480,180,860,0
1723,470,180,860,0
1724,470,180,860,0
1725,480,170,860,0
1726,480,180,860,0
1727,480,180,860,0
1728,480,180,860,0
1729,480,180,850,0
1730,470,180,850,0
1731,480,180,860,0
1732,490,180,860,0
1733,480,180,860,0
1734,480,180,860,0
1735,480,170,860,0
1736,480,180,860,0
1737,480,180,860,0
1738,480,180,850,0
1739,480,180,850,0
1740,480,180,860,0
1741,480,180,860,0
1742,490,170,860,0
1743,480,180,860,0
1744,480,170,860,0
1745,480,180,860,0
1746,480,170,860,0
1747,480,180,860,0
1748,480,180,860,0
1749,480,170,860,0
1750,480,170,860,0
1751,470,160,860,0
1752,480,170,860,0
1753,480,170,860,0
1754,480,170,860,0
1755,470,170,860,0
1756,480,170,860,0
1757,480,170,860,0
1758,480,170,860,0
1759,480,180,860,0
1760,480,170,860,0
1761,480,170,860,0
1762,470,180,860,0
1763,480,170,860,0
1764,480,170,850,0
1765,480,180,860,0
1766,470,170,860,0
1767,480,170,860,0
1768,480,170,860,0
1769,470,170,860,0
1770,480,170,860,0
1771,480,170,860,0
1772,480,170,860,0
1773,480,170,860,0
1774,470,170,860,0
1775,480,170,860,0
1776,470,170,860,0
1777,490,170,860,0
1778,470,160,860,0
1779,480,170,860,0
1780,480,170,860,0
1781,480,170,860,0
1782,470,170,860,0
1783,470,170,860,0
1784,480,160,850,0
1785,470,170,870,0
1786,470,160,860,0
1787,470,180,890,0
1788,460,130,880,0
1789,490,170,860,0
1790,460,160,870,0
1791,460,160,860,0
1792,470,160,870,0
1793,460,150,850,0
1794,460,160,890,0
1795,460,140,890,0
1796,480,150,880,0
1797,420,170,860,0
1798,460,140,870,0
1799,460,150,860,0
1800,480,140,890,0
1801,450,200,910,0
1802,470,160,860,0
1803,510,150,860,0
1804,480,170,860,0
1805,480,170,860,0
1806,470,160,860,0
1807,470,170,860,0
1808,490,160,860,0
1809,490,170,860,0
1810,480,170,860,0
1811,490,170,860,0
1812,480,170,860,0
1813,480,160,860,0
1814,470,160,860,0
1815,480,160,860,0
1816,480,160,870,0
1817,470,150,860,0
1818,480,160,860,0
1819,480,160,860,0
1820,480,170,860,0
1821,470,160,860,0
1822,480,160,860,0
1823,480,160,870,0
1824,490,160,860,0
1825,470,150,860,2000
1826,490,160,860,2000
1827,470,160,860,2000
1828,480,160,860,2000
1829,470,150,860,2000
1830,470,150,860,2000
1831,480,160,870,2000
1832,490,150,870,2000
1833,470,140,860,2000
1834,470,150,860,2000
1835,480,160,860,2000
1836,470,150,860,2000
1837,470,150,860,2000
1838,480,150,870,2000
1839,480,160,860,2000
1840,470,150,860,2000
1841,470,140,860,2000
1842,460,160,850,2000
1843,500,160,820,2000
1844,490,190,840,2000
1845,450,240,780,2000
1846,360,370,660,2000
1847,250,470,790,2000
1848,200,510,960,2000
1849,430,570,1240,2000
1850,640,500,1670,2000
1851,490,490,1890,2000
1852,980,470,1960,2000
1853,980,180,1590,2000
1854,1160,-20,1180,2000
1855,1380,-120,650,2000
1856,990,-230,210,2000
1857,840,-310,-40,2000
1858,510,-150,-130,2000
1859,230,-10,-200,2000
1860,50,110,-140,2000
1861,-190,270,0,2000
1862,-50,420,420,2000
1863,-110,640,790,2000
1864,-40,580,1040,2000
1865,20,730,1140,2000
1866,390,520,1280,2000
1867,370,550,1370,2000
1868,430,460,1550,2000
1869,740,380,1550,2000
1870,520,120,1390,2000
1871,660,40,1160,2000
1872,730,-80,1010,2000
1873,590,-120,940,2000
1874,650,-10,900,2000
1875,480,20,850,2000
1876,510,80,860,2000
1877,450,120,860,2000
1878,430,220,860,2000
1879,420,270,870,2000
1880,390,270,880,2000
1881,450,280,880,2000
1882,430,260,870,2000
1883,420,260,880,2000
1884,440,260,880,2000
1885,450,260,870,2000
1886,440,260,860,2000
1887,460,250,860,2000
1888,450,250,860,2000
1889,450,240,860,2000
1890,460,240,870,2000
1891,460,230,870,2000
1892,460,240,860,2000
1893,460,240,870,2000
1894,460,230,870,2000
1895,400,240,820,2000
1896,460,230,890,2000
1897,410,230,860,2000
1898,430,240,900,2000
1899,410,230,860,2000
1900,430,250,950,2000
1901,470,230,950,2000
1902,420,210,860,2000
1903,430,240,770,2000
1904,470,190,820,2000
1905,430,220,860,2000
1906,370,240,950,2000
1907,430,250,930,2000
1908,430,230,920,2000
1909,470,210,850,2000
1910,480,220,850,2000
1911,440,180,860,2000
1912,460,220,880,2000
1913,470,190,880,2000
1914,460,170,870,2000
1915,460,150,860,2000
1916,460,170,880,2000
1917,460,150,870,2000
1918,480,130,860,2000
1919,460,130,850,2000
1920,460,130,860,2000
1921,470,130,870,2000
1922,460,130,890,2000
1923,470,130,880,2000
1924,470,130,870,2000
1925,470,130,880,0
1926,470,130,880,0
1927,460,130,870,0
1928,470,120,880,0
1929,470,120,870,0
1930,470,120,860,0
1931,470,120,860,0
1932,460,110,860,0
1933,470,120,870,0
1934,470,120,870,0
1935,470,120,870,0
1936,470,120,880,0
1937,470,120,870,0
1938,470,120,870,0
1939,470,120,870,0
1940,470,120,860,0
1941,470,120,870,0
1942,470,120,870,0
1943,480,120,880,0
1944,470,120,870,0
1945,470,120,870,0
1946,470,120,870,0
1947,470,120,870,0
1948,470,120,870,0
1949,460,120,870,0
1950,470,120,870,0
1951,470,120,880,0
1952,460,120,870,0
1953,470,110,870,0
1954,470,110,870,0
1955,460,120,860,0
1956,470,120,870,0
1957,470,120,870,0
1958,470,120,870,0
1959,470,130,870,0
1960,470,130,880,0
1961,470,130,870,0
1962,470,120,870,0
1963,460,120,870,0
1964,470,110,860,0
1965,470,110,870,0
1966,470,120,870,0
1967,470,120,870,0
1968,470,120,870,0
1969,470,110,870,0
1970,470,110,870,0
1971,470,120,870,0
1972,470,120,870,0
1973,470,110,870,0
1974,470,120,870,0
1975,460,110,870,0
1976,460,120,870,0
1977,460,120,870,0
1978,460,110,870,0
1979,460,130,890,0
1980,460,110,880,0
1981,460,110,880,0
1982,460,120,890,0
1983,460,110,880,0
1984,460,110,890,0
1985,460,110,880,0
1986,460,110,890,0
1987,460,110,880,0
1988,470,110,880,0
1989,460,120,870,0
1990,460,110,880,0
1991,460,110,870,0
1992,450,120,880,0
1993,460,110,880,0
1994,460,110,880,0
1995,460,120,880,0
1996,460,110,880,0
1997,460,120,890,0
1998,460,110,880,0
1999,460,120,880,0
2000,460,120,880,0
2001,460,120,890,0
2002,450,120,890,0
2003,460,110,880,0
2004,460,120,890,0
2005,460,120,880,0
2006,460,120,880,0
2007,450,130,890,0
2008,460,120,890,0
2009,460,110,890,0
2010,450,120,880,0
2011,460,120,890,0
2012,450,110,880,0
2013,460,120,890,0
2014,460,110,890,0
2015,450,110,880,0
2016,460,110,890,0
2017,460,110,890,0
2018,460,110,890,0
2019,460,110,880,0
2020,460,110,890,0
2021,460,110,880,0
2022,460,110,890,0
2023,450,120,890,0
2024,460,110,880,0
2025,460,110,880,0
2026,460,110,880,0
2027,460,110,880,0
2028,460,110,880,0
2029,460,110,890,0
2030,460,110,890,0
2031,460,110,890,0
2032,460,110,900,0
2033,450,110,890,0
2034,450,110,890,0
2035,460,110,890,0
2036,460,110,890,0
2037,460,110,880,0
2038,450,120,890,0
2039,460,110,900,0
2040,450,110,880,0
2041,450,110,890,0
2042,460,110,900,0
2043,450,120,890,0
2044,460,110,890,0
2045,450,110,890,0
2046,450,110,880,0
2047,450,110,890,0
2048,460,110,890,0
2049,440,110,880,0
2050,450,110,880,0
2051,460,110,900,0
2052,450,110,890,0
2053,450,110,890,0
2054,450,110,890,0
2055,450,110,890,0
2056,460,110,900,0
2057,410,110,870,0
2058,440,120,910,0
2059,410,110,890,0
2060,460,100,950,0
2061,420,100,900,0
2062,450,100,900,0
2063,380,130,930,0
2064,460,110,910,0
2065,480,130,850,0
2066,460,110,880,0
2067,460,110,890,0
2068,460,110,880,0
2069,460,110,880,0
2070,460,110,880,0
2071,460,110,880,0
2072,460,110,880,0
2073,460,110,880,0
2074,460,110,890,0
2075,460,100,880,2000
2076,460,100,880,2000
2077,460,100,870,2000
2078,460,110,880,2000
2079,460,100,890,2000
2080,460,100,880,2000
2081,460,110,880,2000
2082,470,110,880,2000
2083,460,110,890,2000
2084,460,110,890,2000
2085,460,100,890,2000
2086,460,100,880,2000
2087,460,110,880,2000
2088,460,100,890,2000
2089,460,100,890,2000
2090,460,100,890,2000
2091,460,100,880,2000
2092,460,100,880,2000
2093,460,110,860,2000
2094,460,110,870,2000
2095,480,110,840,2000
2096,460,120,830,2000
2097,470,160,850,2000
2098,440,220,840,2000
2099,290,330,830,2000
2100,210,390,950,2000
2101,110,480,1100,2000
2102,380,480,1380,2000
2103,620,420,1680,2000
2104,630,320,1950,2000
2105,1040,180,1890,2000
2106,1100,-60,1650,2000
2107,1250,-230,1170,2000
2108,1350,-200,590,2000
2109,1200,-120,110,2000
2110,900,20,-150,2000
2111,330,170,-290,2000
2112,80,250,-340,2000
2113,-60,400,-270,2000
2114,-200,530,30,2000
2115,-100,730,470,2000
2116,-120,940,910,2000
2117,210,880,1380,2000
2118,350,840,1470,2000
2119,610,740,1770,2000
2120,750,690,1880,2000
2121,780,340,1790,2000
2122,670,30,1460,2000
2123,860,-80,1110,2000
2124,760,-370,810,2000
2125,580,-250,740,2000
2126,480,-170,760,2000
2127,310,10,850,2000
2128,370,100,890,2000
2129,340,180,900,2000
2130,340,200,940,2000
2131,350,220,930,2000
2132,310,210,950,2000
2133,350,210,950,2000
2134,310,190,930,2000
2135,370,180,920,2000
2136,350,190,920,2000
2137,370,200,930,2000
2138,380,220,950,2000
2139,380,210,940,2000
2140,390,210,910,2000
2141,390,180,880,2000
2142,400,230,920,2000
2143,370,200,910,2000
2144,400,140,900,2000
2145,310,230,880,2000
2146,500,140,840,2000
2147,300,220,950,2000
2148,410,200,960,2000
2149,430,210,940,2000
2150,370,210,940,2000
2151,420,220,880,2000
2152,450,120,820,2000
2153,410,230,870,2000
2154,430,170,890,2000
2155,430,190,900,2000
2156,410,200,940,2000
2157,380,210,930,2000
2158,400,140,910,2000
2159,410,190,870,2000
2160,550,200,860,2000
2161,440,180,870,2000
2162,440,180,890,2000
2163,460,190,870,2000
2164,460,190,890,2000
2165,460,180,880,2000
2166,450,180,870,2000
2167,460,180,870,2000
2168,460,190,880,2000
2169,450,190,880,2000
2170,460,170,880,2000
2171,450,180,870,2000
2172,460,170,870,2000
2173,460,170,870,2000
2174,450,180,880,2000
2175,460,170,880,0
2176,460,170,870,0
2177,460,170,880,0
2178,460,170,880,0
2179,460,170,880,0
2180,460,150,880,0
2181,460,160,870,0
2182,460,150,880,0
2183,460,160,880,0
2184,460,150,870,0
2185,460,160,870,0
2186,460,160,880,0
2187,460,160,880,0
2188,460,170,880,0
2189,460,160,880,0
2190,460,160,880,0
2191,460,150,870,0
2192,460,150,870,0
2193,460,150,880,0
2194,460,150,880,0
2195,460,140,870,0
2196,460,150,870,0
2197,460,150,880,0
2198,460,150,880,0
2199,460,150,870,0
2200,460,140,870,0
2201,460,140,870,0
2202,460,140,880,0
2203,460,140,890,0
2204,460,150,880,0
2205,460,140,880,0
2206,460,140,880,0
2207,460,150,880,0
2208,460,140,870,0
2209,460,140,870,0
2210,460,140,880,0
2211,460,140,880,0
2212,460,140,880,0
2213,460,140,880,0
2214,460,140,880,0
2215,460,140,870,0
2216,460,130,870,0
2217,460,140,870,0
2218,460,140,880,0
2219,460,140,880,0
2220,460,130,880,0
2221,460,140,880,0
2222,460,140,880,0
2223,460,140,880,0
2224,460,140,880,0
2225,460,140,870,0
2226,460,140,880,0
2227,460,140,880,0
2228,460,130,880,0
2229,460,140,880,0
2230,460,140,880,0
2231,460,140,880,0
2232,460,140,880,0
2233,460,130,880,0
2234,460,130,880,0
2235,460,130,880,0
2236,460,140,880,0
2237,460,140,880,0
2238,460,130,870,0
2239,460,130,880,0
2240,460,130,890,0
2241,460,140,890,0
2242,460,140,880,0
2243,460,140,880,0
2244,460,130,880,0
2245,460,130,870,0
2246,460,130,870,0
2247,460,130,870,0
2248,460,130,880,0
2249,460,140,890,0
2250,460,140,880,0
2251,460,130,880,0
2252,460,130,880,0
2253,460,130,870,0
2254,460,140,870,0
2255,460,130,870,0
2256,460,140,880,0
2257,460,130,890,0
2258,460,130,880,0
2259,460,130,880,0
2260,460,140,880,0
2261,460,130,880,0
2262,460,130,880,0
2263,460,130,870,0
2264,460,120,870,0
2265,460,130,870,0
2266,460,140,880,0
2267,460,130,890,0
2268,460,120,890,0
2269,460,130,880,0
2270,460,120,870,0
2271,460,130,870,0
2272,460,130,880,0
2273,460,130,880,0
2274,460,130,880,0
2275,460,120,890,0
2276,460,130,880,0
2277,460,130,880,0
2278,460,130,880,0
2279,460,120,870,0
2280,460,120,870,0
2281,460,120,870,0
2282,460,130,880,0
2283,460,120,880,0
2284,460,120,880,0
2285,460,120,880,0
2286,460,120,880,0
2287,460,120,880,0
2288,460,120,880,0
2289,460,120,880,0
2290,460,120,880,0
2291,460,110,870,0
2292,460,120,860,0
2293,460,120,870,0
2294,470,120,890,0
2295,460,120,870,0
2296,470,110,870,0
2297,460,120,880,0
2298,460,120,870,0
2299,460,120,880,0
2300,470,120,870,0
2301,470,130,880,0
2302,460,130,890,0
2303,460,110,880,0
2304,460,110,870,0
2305,450,120,870,0
2306,460,120,890,0
2307,460,110,880,0
2308,460,110,880,0
2309,440,120,880,0
2310,460,110,900,0
2311,460,120,880,0
2312,460,120,880,0
2313,450,120,900,0
2314,460,120,890,0
2315,460,110,880,0
2316,460,110,880,0
2317,460,120,890,0
2318,460,110,900,0
2319,450,120,890,0
2320,460,130,890,0
2321,460,110,900,0
2322,450,120,900,0
2323,450,120,870,0
2324,450,130,900,0
2325,460,110,890,0
2326,450,110,880,0
2327,430,120,920,0
2328,440,120,880,0
2329,400,150,920,0
2330,450,120,930,0
2331,440,100,890,0
2332,440,100,900,0
2333,460,160,930,0
2334,440,160,900,0
2335,460,90,850,0
2336,460,140,860,0
2337,460,110,890,0
2338,460,120,890,0
2339,460,120,870,0
2340,470,110,870,0
2341,460,120,890,0
2342,460,120,880,0
2343,460,110,870,0
2344,460,120,880,0
2345,460,110,880,0
2346,460,110,880,0
2347,460,110,880,0
2348,460,110,880,0
2349,460,110,880,0
2350,460,110,880,2000
2351,460,110,880,2000
2352,460,110,870,2000
2353,460,110,880,2000
2354,460,110,870,2000
2355,460,110,880,2000
2356,460,110,870,2000
2357,460,110,880,2000
2358,460,110,900,2000
2359,460,110,890,2000
2360,460,110,880,2000
2361,460,110,880,2000
2362,460,110,880,2000
2363,460,110,880,2000
2364,460,110,870,2000
2365,460,110,870,2000
2366,460,110,860,2000
2367,460,120,840,2000
2368,470,130,780,2000
2369,470,210,770,2000
2370,450,290,740,2000
2371,280,420,830,2000
2372,110,460,1010,2000
2373,370,580,1130,2000
2374,790,520,1470,2000
2375,600,480,1760,2000
2376,950,380,1860,2000
2377,1030,200,1770,2000
2378,1130,60,1390,2000
2379,1320,-80,870,2000
2380,1140,-50,450,2000
2381,1000,-90,100,2000
2382,610,-90,-120,2000
2383,240,-10,-210,2000
2384,50,50,-220,2000
2385,-120,170,-120,2000
2386,0,300,270,2000
2387,-150,530,850,2000
2388,-150,540,980,2000
2389,-10,520,1120,2000
2390,190,490,1210,2000
2391,310,480,1280,2000
2392,520,380,1550,2000
2393,550,350,1520,2000
2394,820,70,1370,2000
2395,450,20,1230,2000
2396,660,50,1120,2000
2397,690,-60,1040,2000
2398,590,0,950,2000
2399,730,-90,890,2000
2400,520,-40,840,2000
2401,470,20,860,2000
2402,450,90,850,2000
2403,440,150,870,2000
2404,440,200,880,2000
2405,430,210,880,2000
2406,460,210,900,2000
2407,450,200,890,2000
2408,450,190,900,2000
2409,460,180,890,2000
2410,460,180,880,2000
2411,460,190,860,2000
2412,470,200,880,2000
2413,470,190,880,2000
2414,450,190,860,2000
2415,480,140,860,2000
2416,430,170,840,2000
2417,480,160,880,2000
2418,410,170,850,2000
2419,490,160,870,2000
2420,460,170,920,2000
2421,480,190,950,2000
2422,470,190,900,2000
2423,470,120,820,2000
2424,480,220,780,2000
2425,470,160,880,2000
2426,520,160,830,2000
2427,470,160,860,2000
2428,460,190,890,2000
2429,490,210,880,2000
2430,540,200,860,2000
2431,530,170,850,2000
2432,510,170,830,2000
2433,500,170,820,2000
2434,500,170,830,2000
2435,510,170,840,2000
2436,510,170,840,2000
2437,520,160,860,2000
2438,520,160,850,2000
2439,520,140,840,2000
2440,510,170,840,2000
2441,520,160,850,2000
2442,510,150,850,2000
2443,500,170,850,2000
2444,520,140,850,2000
2445,520,150,850,2000
2446,510,160,840,2000
2447,520,140,860,2000
2448,500,150,850,2000
2449,500,170,840,2000
2450,540,160,840,0
2451,520,150,860,0
2452,510,150,840,0
2453,520,150,840,0
2454,520,150,850,0
2455,520,150,850,0
2456,520,150,850,0
2457,520,140,850,0
2458,520,140,850,0
2459,520,140,850,0
2460,520,150,840,0
2461,510,150,850,0
2462,510,160,850,0
2463,520,140,850,0
2464,520,130,850,0
2465,520,130,840,0
2466,520,130,850,0
2467,520,130,850,0
2468,520,130,850,0
2469,520,130,840,0
2470,520,130,850,0
2471,510,130,850,0
2472,530,130,860,0
2473,520,130,850,0
2474,520,130,860,0
2475,520,130,850,0
2476,520,130,860,0
2477,520,130,850,0
2478,520,120,840,0
2479,520,130,840,0
2480,510,130,840,0
2481,510,130,840,0
2482,520,130,850,0
2483,520,140,850,0
2484,530,150,860,0
2485,520,140,860,0
2486,520,120,850,0
2487,510,130,840,0
2488,530,130,840,0
2489,520,140,850,0
2490,520,140,840,0
2491,520,130,850,0
2492,520,120,850,0
2493,520,120,850,0
2494,530,120,830,0
2495,520,130,820,0
2496,540,140,850,0
2497,540,120,880,0
2498,490,180,840,0
2499,490,210,800,0
2500,470,180,800,0
2501,550,110,830,0
2502,530,100,850,0
2503,560,100,870,0
2504,540,100,860,0
2505,530,100,840,0
2506,550,100,820,0
2507,570,110,830,0
2508,550,140,850,0
2509,550,150,860,0
2510,530,170,860,0
2511,530,170,850,0
2512,520,150,840,0
2513,520,130,820,0
2514,520,110,810,0
2515,530,110,820,0
2516,540,110,820,0
2517,540,110,820,0
2518,550,110,820,0
2519,550,110,830,0
2520,540,120,840,0
2521,540,140,850,0
2522,540,150,850,0
2523,530,160,840,0
2524,540,150,830,0
2525,540,140,820,0
2526,540,150,820,0
2527,530,170,850,0
2528,530,170,860,0
2529,530,140,860,0
2530,530,120,850,0
2531,490,130,810,0
2532,530,130,800,0
2533,560,110,840,0
2534,530,110,830,0
2535,550,110,840,0
2536,560,130,860,0
2537,530,110,850,0
2538,520,110,820,0
2539,550,120,830,0
2540,510,110,830,0
2541,520,130,850,0
2542,510,120,850,0
2543,490,110,860,0
2544,510,110,860,0
2545,530,100,850,0
2546,510,110,860,0
2547,520,110,860,0
2548,480,110,850,0
2549,510,120,850,0
2550,480,120,860,0
2551,530,110,870,0
2552,500,110,860,0
2553,520,120,880,0
2554,470,130,870,0
2555,610,110,810,0
2556,500,90,820,0
2557,520,100,870,0
2558,580,110,870,0
2559,510,90,850,0
2560,520,100,850,0
2561,540,100,850,0
2562,520,100,840,0
2563,520,100,840,0
2564,520,100,830,0
2565,530,100,840,0
2566,530,100,850,0
2567,520,100,850,0
2568,530,100,850,0
2569,530,100,850,0
2570,560,100,820,0
2571,530,110,850,0
2572,570,100,870,0
2573,530,70,820,0
2574,520,80,810,0
2575,520,100,830,2000
2576,530,100,850,2000
2577,550,90,850,2000
2578,550,80,850,2000
2579,550,80,840,2000
2580,550,80,840,2000
2581,540,90,850,2000
2582,550,90,850,2000
2583,530,90,850,2000
2584,530,80,840,2000
2585,530,70,840,2000
2586,540,80,840,2000
2587,550,70,840,2000
2588,530,70,840,2000
2589,530,80,850,2000
2590,530,80,840,2000
2591,520,90,810,2000
2592,500,130,780,2000
2593,460,230,760,2000
2594,430,330,760,2000
2595,370,370,840,2000
2596,300,370,950,2000
2597,450,420,1240,2000
2598,560,330,1660,2000
2599,580,230,1920,2000
2600,920,90,1810,2000
2601,1080,-140,1430,2000
2602,1340,-290,1020,2000
2603,1220,-290,540,2000
2604,1070,-370,210,2000
2605,680,-270,10,2000
2606,360,-170,-30,2000
2607,140,-70,-80,2000
2608,-10,80,-30,2000
2609,-80,220,110,2000
2610,40,340,480,2000
2611,0,450,740,2000
2612,100,580,1130,2000
2613,140,510,1150,2000
2614,460,490,1480,2000
2615,350,450,1600,2000
2616,620,310,1640,2000
2617,620,90,1440,2000
2618,540,-60,1190,2000
2619,860,-140,1030,2000
2620,580,-260,910,2000
2621,730,-220,870,2000
2622,500,-180,840,2000
2623,410,-10,870,2000
2624,420,80,920,2000
2625,400,130,930,2000
2626,420,150,930,2000
2627,410,190,930,2000
2628,420,190,940,2000
2629,440,130,930,2000
2630,410,130,920,2000
2631,440,120,910,2000
2632,440,130,900,2000
2633,450,120,890,2000
2634,450,120,890,2000
2635,460,140,880,2000
2636,470,120,890,2000
2637,460,120,880,2000
2638,460,130,880,2000
2639,470,120,880,2000
2640,430,110,860,2000
2641,470,150,870,2000
2642,420,120,870,2000
2643,460,110,920,2000
2644,450,130,890,2000
2645,470,90,910,2000
2646,480,110,910,2000
2647,460,140,940,2000
2648,470,130,900,2000
2649,410,90,810,2000
2650,470,210,770,2000
2651,540,80,890,2000
2652,470,110,880,2000
2653,470,150,930,2000
2654,460,120,930,2000
2655,460,110,930,2000
2656,530,140,810,2000
2657,500,120,850,2000
2658,490,110,850,2000
2659,520,120,860,2000
2660,500,110,860,2000
2661,480,110,850,2000
2662,480,110,860,2000
2663,500,110,870,2000
2664,480,110,860,2000
2665,510,110,870,2000
2666,500,100,870,2000
2667,480,100,870,2000
2668,470,100,850,2000
2669,490,100,860,2000
2670,490,100,870,2000
2671,490,90,870,2000
2672,490,100,870,2000
2673,500,100,860,2000
2674,490,100,870,2000
2675,490,100,860,0
2676,500,100,870,0
2677,500,110,860,0
2678,500,100,860,0
2679,490,100,860,0
2680,500,100,860,0
2681,510,90,860,0
2682,500,100,860,0
2683,500,100,860,0
2684,520,100,870,0
2685,490,100,870,0
2686,490,100,860,0
2687,520,100,860,0
2688,500,100,850,0
2689,520,90,860,0
2690,510,90,860,0
2691,500,90,860,0
2692,510,90,860,0
2693,520,90,860,0
2694,510,90,860,0
2695,510,100,850,0
2696,510,100,860,0
2697,500,90,860,0
2698,510,90,860,0
2699,520,90,860,0
2700,510,100,860,0
2701,520,90,860,0
2702,510,90,860,0
2703,500,90,860,0
2704,510,100,850,0
2705,520,100,860,0
2706,510,100,860,0
2707,510,100,860,0
2708,520,90,860,0
2709,510,100,860,0
2710,510,100,860,0
2711,520,100,860,0
2712,520,90,860,0
2713,510,100,850,0
2714,520,90,860,0
2715,510,100,850,0
2716,520,100,860,0
2717,510,100,850,0
2718,520,100,860,0
2719,510,90,860,0
2720,520,90,860,0
2721,510,90,860,0
2722,510,90,860,0
2723,520,90,870,0
2724,520,90,860,0
2725,510,100,850,0
2726,520,90,860,0
2727,510,90,840,0
2728,520,100,850,0
2729,510,100,860,0
2730,520,80,860,0
2731,520,90,860,0
2732,510,100,850,0
2733,520,100,860,0
2734,500,100,860,0
2735,510,90,860,0
2736,520,90,860,0
2737,520,90,860,0
2738,520,90,860,0
2739,510,90,860,0
2740,520,90,860,0
2741,510,100,860,0
2742,520,90,860,0
2743,510,90,860,0
2744,510,100,860,0
2745,520,100,860,0
2746,510,100,850,0
2747,510,100,860,0
2748,510,90,850,0
2749,520,90,860,0
2750,510,100,860,0
2751,530,100,860,0
2752,520,90,860,0
2753,520,90,860,0
2754,520,100,860,0
2755,520,100,860,0
2756,520,90,870,0
2757,520,90,860,0
2758,510,100,850,0
2759,500,100,860,0
2760,490,90,850,0
2761,510,100,860,0
2762,490,90,860,0
2763,510,70,860,0
2764,520,90,870,0
2765,450,100,870,0
2766,530,50,870,0
2767,470,110,870,0
2768,520,100,920,0
2769,460,90,880,0
2770,470,90,880,0
2771,460,100,890,0
2772,470,80,880,0
2773,470,100,860,0
2774,520,80,860,0
2775,540,100,850,0
2776,480,90,870,0
2777,500,90,860,0
2778,480,90,860,0
2779,530,100,870,0
2780,510,90,870,0
2781,500,90,860,0
2782,520,100,860,0
2783,490,100,860,0
2784,520,90,860,0
2785,510,90,850,0
2786,520,90,850,0
2787,510,90,860,0
2788,510,90,860,0
2789,510,90,860,0
2790,510,90,860,0
2791,510,90,860,0
2792,520,90,860,0
2793,520,80,860,0
2794,510,90,860,0
2795,520,90,860,0
2796,510,90,860,0
2797,510,90,860,0
2798,510,90,860,0
2799,510,90,860,0
2800,510,90,860,2000
2801,510,80,860,2000
2802,500,90,860,2000
2803,510,90,860,2000
2804,510,90,860,2000
2805,500,90,860,2000
2806,500,90,860,2000
2807,500,90,860,2000
2808,500,90,870,2000
2809,510,90,870,2000
2810,500,90,860,2000
2811,490,80,860,2000
2812,500,90,860,2000
2813,500,90,870,2000
2814,510,80,860,2000
2815,490,90,850,2000
2816,510,90,860,2000
2817,510,80,860,2000
2818,500,90,850,2000
2819,550,80,800,2000
2820,520,140,770,2000
2821,480,210,780,2000
2822,410,310,790,2000
2823,380,370,900,2000
2824,440,430,1000,2000
2825,450,420,1130,2000
2826,350,380,1270,2000
2827,530,310,1570,2000
2828,600,220,1850,2000
2829,780,100,2010,2000
2830,1080,-30,1680,2000
2831,1360,-30,1160,2000
2832,1430,0,650,2000
2833,1230,10,260,2000
2834,770,-70,20,2000
2835,380,-60,-120,2000
2836,170,-20,-210,2000
2837,40,80,-140,2000
2838,-50,220,20,2000
2839,-110,360,400,2000
2840,-140,560,780,2000
2841,-40,610,1140,2000
2842,-10,630,1100,2000
2843,370,480,1290,2000
2844,370,480,1470,2000
2845,400,360,1600,2000
2846,690,200,1460,2000
2847,560,-10,1350,2000
2848,730,-70,1160,2000
2849,680,-180,1060,2000
2850,550,-150,910,2000
2851,730,-120,920,2000
2852,520,-20,870,2000
2853,520,40,950,2000
2854,470,110,940,2000
2855,450,170,920,2000
2856,460,180,890,2000
2857,460,170,860,2000
2858,470,150,860,2000
2859,490,130,850,2000
2860,470,170,860,2000
2861,480,180,870,2000
2862,490,190,880,2000
2863,520,190,880,2000
2864,520,160,860,2000
2865,510,160,850,2000
2866,500,140,860,2000
2867,500,150,860,2000
2868,520,140,850,2000
2869,510,140,850,2000
2870,520,120,840,2000
2871,500,140,840,2000
2872,530,140,850,2000
2873,460,120,840,2000
2874,540,170,840,2000
2875,470,140,880,2000
2876,510,150,840,2000
2877,510,140,870,2000
2878,520,140,880,2000
2879,520,150,900,2000
2880,510,140,860,2000
2881,450,150,800,2000
2882,520,170,800,2000
2883,460,130,900,2000
2884,480,130,880,2000
2885,470,120,880,2000
2886,460,160,910,2000
2887,550,160,900,2000
2888,470,170,830,2000
2889,520,160,820,2000
2890,500,160,850,2000
2891,480,160,840,2000
2892,510,160,850,2000
2893,500,170,860,2000
2894,480,140,860,2000
2895,500,150,850,2000
2896,500,150,850,2000
2897,490,150,860,2000
2898,480,150,860,2000
2899,490,160,870,2000
2900,490,160,870,0
2901,510,150,860,0
2902,490,150,860,0
2903,480,160,860,0
2904,510,150,860,0
2905,480,150,850,0
2906,490,150,860,0
2907,490,160,860,0
2908,490,150,860,0
2909,490,140,860,0
2910,490,150,860,0
2911,490,140,860,0
2912,480,150,860,0
2913,500,150,860,0
2914,490,140,860,0
2915,490,140,850,0
2916,480,140,860,0
2917,490,140,860,0
2918,500,150,860,0
2919,500,140,860,0
2920,500,150,860,0
2921,500,140,860,0
2922,500,150,850,0
2923,490,150,850,0
2924,490,150,850,0
2925,500,150,860,0
2926,500,140,850,0
2927,490,150,860,0
2928,500,90,870,0
2929,500,170,860,0
2930,500,140,870,0
2931,510,130,870,0
2932,490,140,850,0
2933,490,160,860,0
2934,500,140,860,0
2935,500,130,860,0
2936,500,130,860,0
2937,490,120,850,0
2938,500,120,850,0
2939,500,120,850,0
2940,510,120,860,0
2941,510,120,850,0
2942,510,140,850,0
2943,500,140,850,0
2944,490,130,850,0
2945,510,120,860,0
2946,510,120,860,0
2947,510,130,860,0
2948,510,140,860,0
2949,510,150,860,0
2950,500,140,850,0
2951,510,140,850,0
2952,520,130,850,0
2953,520,140,860,0
2954,520,140,860,0
2955,510,160,850,0
2956,490,140,850,0
2957,500,130,860,0
2958,510,130,860,0
2959,510,130,860,0
2960,510,120,850,0
2961,500,130,850,0
2962,500,120,850,0
2963,490,130,850,0
2964,500,130,850,0
2965,500,120,850,0
2966,500,130,850,0
2967,510,120,850,0
2968,520,110,850,0
2969,510,110,860,0
2970,520,110,860,0
2971,510,120,850,0
2972,510,120,850,0
2973,510,130,830,0
2974,510,140,810,0
2975,500,140,800,0
2976,510,150,780,0
2977,500,160,760,0
2978,480,160,770,0
2979,470,170,780,0
2980,480,150,770,0
2981,530,140,780,0
2982,540,120,770,0
2983,580,110,760,0
2984,580,80,860,0
2985,480,80,870,0
2986,560,60,960,0
2987,510,70,940,0
2988,590,80,960,0
2989,490,60,910,0
2990,550,100,860,0
2991,500,160,810,0
2992,510,220,760,0
2993,450,290,760,0
2994,640,290,860,0
2995,580,360,770,0
2996,580,330,730,0
2997,570,340,750,0
2998,540,400,750,0
2999,560,470,730,0
3000,540,540,720,0
3001,550,490,710,0
3002,520,480,710,0
3003,520,480,700,0
3004,510,480,650,0
3005,510,450,680,0
3006,530,420,670,0
