sequence,accelx,accely,accelz,event
0,0.52,-0.05,0.85,0
1,0.52,-0.05,0.86,0
2,0.52,-0.05,0.86,0
3,0.53,-0.04,0.87,0
4,0.53,-0.05,0.87,0
5,0.53,-0.05,0.86,0
6,0.52,-0.05,0.85,0
7,0.53,-0.04,0.86,0
8,0.53,-0.04,0.85,0
9,0.53,-0.04,0.85,0
10,0.52,-0.04,0.85,0
11,0.52,-0.04,0.85,0
12,0.52,-0.04,0.86,0
13,0.53,-0.04,0.86,0
14,0.53,-0.04,0.87,0
15,0.52,-0.05,0.85,0
16,0.52,-0.05,0.85,0
17,0.52,-0.04,0.85,0
18,0.53,-0.04,0.86,0
19,0.53,-0.04,0.86,0
20,0.53,-0.04,0.86,0
21,0.52,-0.04,0.86,0
22,0.53,-0.04,0.86,0
23,0.53,-0.04,0.87,0
24,0.53,-0.04,0.87,0
25,0.52,-0.04,0.87,0
26,0.53,-0.03,0.86,0
27,0.51,-0.02,0.84,0
28,0.52,-0.02,0.84,0
29,0.51,-0.02,0.84,0
30,0.52,-0.03,0.85,0
31,0.51,-0.04,0.85,0
32,0.51,-0.04,0.86,0
33,0.51,-0.04,0.86,0
34,0.51,-0.03,0.87,0
35,0.52,-0.03,0.87,0
36,0.52,-0.03,0.86,0
37,0.52,-0.03,0.87,0
38,0.52,-0.03,0.86,0
39,0.52,-0.03,0.86,0
40,0.52,-0.04,0.86,0
41,0.53,-0.03,0.86,0
42,0.52,-0.04,0.85,0
43,0.52,-0.03,0.86,0
44,0.52,-0.03,0.86,0
45,0.52,-0.03,0.86,0
46,0.52,-0.04,0.86,0
47,0.52,-0.04,0.86,0
48,0.52,-0.04,0.86,0
49,0.52,-0.03,0.86,0
50,0.52,-0.03,0.86,0
51,0.52,-0.03,0.85,0
52,0.52,-0.03,0.86,0
53,0.51,-0.03,0.86,0
54,0.51,-0.03,0.86,0
55,0.51,-0.03,0.86,0
56,0.51,-0.03,0.87,0
57,0.51,-0.04,0.86,0
58,0.51,-0.04,0.86,0
59,0.5,-0.05,0.86,0
60,0.51,-0.04,0.87,0
61,0.51,-0.04,0.86,0
62,0.49,-0.04,0.86,0
63,0.47,-0.03,0.87,0
64,0.49,-0.03,0.87,0
65,0.49,-0.05,0.87,0
66,0.5,-0.03,0.88,0
67,0.47,-0.05,0.88,0
68,0.46,-0.04,0.87,0
69,0.49,-0.04,0.89,0
70,0.46,-0.03,0.88,0
71,0.5,-0.04,0.88,0
72,0.46,-0.02,0.88,0
73,0.47,-0.02,0.88,0
74,0.46,-0.04,0.89,0
75,0.46,-0.03,0.87,0
76,0.46,-0.05,0.9,0
77,0.46,-0.03,0.89,0
78,0.46,-0.03,0.9,0
79,0.46,-0.02,0.9,0
80,0.46,-0.04,0.92,0
81,0.46,-0.06,0.92,0
82,0.51,-0.02,0.86,0
83,0.49,-0.03,0.83,0
84,0.48,-0.04,0.86,0
85,0.5,-0.04,0.85,0
86,0.52,-0.04,0.86,0
87,0.51,-0.04,0.86,0
88,0.52,-0.03,0.87,0
89,0.52,-0.03,0.86,0
90,0.52,-0.03,0.86,0
91,0.52,-0.04,0.87,0
92,0.51,-0.03,0.86,0
93,0.52,-0.03,0.86,0
94,0.53,-0.03,0.86,0
95,0.53,-0.03,0.85,0
96,0.52,-0.03,0.85,0
97,0.52,-0.03,0.85,0
98,0.52,-0.03,0.86,0
99,0.52,-0.04,0.86,0
100,0.53,-0.04,0.85,1
101,0.52,-0.03,0.86,1
102,0.53,-0.03,0.86,1
103,0.52,-0.04,0.86,1
104,0.52,-0.04,0.85,1
105,0.53,-0.04,0.86,1
106,0.52,-0.04,0.85,1
107,0.52,-0.03,0.85,1
108,0.52,-0.04,0.85,1
109,0.52,-0.04,0.85,1
110,0.53,-0.04,0.86,1
111,0.53,-0.04,0.86,1
112,0.52,-0.04,0.85,1
113,0.53,-0.04,0.86,1
114,0.53,-0.04,0.85,1
115,0.53,-0.03,0.85,1
116,0.52,-0.04,0.85,1
117,0.54,-0.03,0.86,1
118,0.53,-0.04,0.87,1
119,0.55,-0.05,0.87,1
120,0.55,-0.05,0.96,1
121,0.55,-0.09,0.93,1
122,0.55,-0.06,0.97,1
123,0.51,-0.11,1.07,1
124,0.56,-0.17,1.18,1
125,0.6,-0.26,1.31,1
126,0.71,-0.32,1.3,1
127,0.68,-0.35,1.24,1
128,0.71,-0.4,1.17,1
129,0.48,-0.4,1.03,1
130,0.48,-0.34,0.87,1
131,0.46,-0.25,0.64,1
132,0.18,-0.07,0.45,1
133,0.07,0.01,0.37,1
134,-0.01,0.14,0.32,1
135,-0.11,0.23,0.26,1
136,-0.17,0.17,0.26,1
137,0.06,0.26,0.47,1
138,0.17,0.26,0.55,1
139,0.75,0.37,0.87,1
140,0.86,0.36,0.76,1
141,1.22,0.24,0.75,1
142,1.41,0.13,0.93,1
143,1.34,0.01,0.88,1
144,1.55,-0.21,1.06,1
145,1.01,-0.1,1.09,1
146,1.24,0.01,1.43,1
147,0.99,0.22,1.68,1
148,1.23,0.43,1.71,1
149,1.44,0.5,1.53,1
150,1.22,0.45,1.18,1
151,1.15,0.28,0.83,1
152,0.69,0.03,0.45,1
153,0.36,-0.13,0.31,1
154,0.15,-0.25,0.07,1
155,0.0,-0.32,0.0,1
156,-0.09,-0.39,-0.1,1
157,-0.1,-0.43,-0.23,1
158,-0.09,-0.44,-0.35,1
159,0.07,-0.5,-0.34,1
160,0.22,-0.32,-0.33,1
161,0.58,-0.35,-0.02,1
162,0.66,-0.03,0.26,1
163,1.04,-0.03,0.84,1
164,1.14,0.22,1.24,1
165,1.32,0.11,1.38,1
166,1.26,0.24,1.46,1
167,1.1,0.25,1.4,1
168,0.92,0.23,1.2,1
169,0.71,0.19,1.04,1
170,0.8,0.07,0.83,1
171,0.73,0.01,0.6,1
172,0.75,-0.05,0.49,1
173,0.76,-0.07,0.51,1
174,0.78,-0.06,0.57,1
175,0.84,-0.06,0.61,1
176,0.77,-0.06,0.6,1
177,0.84,-0.06,0.6,1
178,0.82,-0.06,0.58,1
179,0.83,-0.05,0.59,1
180,0.83,-0.04,0.6,1
181,0.79,-0.04,0.59,1
182,0.81,-0.05,0.59,1
183,0.81,-0.03,0.58,1
184,0.81,-0.05,0.59,1
185,0.84,-0.05,0.59,1
186,0.81,-0.06,0.58,1
187,0.78,-0.05,0.58,1
188,0.78,-0.05,0.57,1
189,0.81,-0.04,0.59,1
190,0.83,-0.04,0.59,1
191,0.74,-0.01,0.61,1
192,0.8,-0.02,0.63,1
193,0.77,-0.01,0.68,1
194,0.8,-0.04,0.62,1
195,0.78,-0.04,0.61,1
196,0.76,-0.05,0.66,1
197,0.73,0.05,0.69,1
198,0.78,-0.04,0.63,1
199,0.74,-0.02,0.54,1
200,0.77,-0.13,0.57,1
201,0.76,0.07,0.62,1
202,0.74,0.04,0.7,1
203,0.75,0.05,0.73,1
204,0.85,-0.14,0.66,1
205,0.74,-0.02,0.61,1
206,0.78,-0.04,0.61,1
207,0.76,-0.01,0.6,1
208,0.77,-0.02,0.59,1
209,0.78,-0.01,0.6,1
210,0.78,-0.04,0.62,1
211,0.78,-0.03,0.63,1
212,0.77,-0.04,0.61,1
213,0.78,-0.02,0.61,1
214,0.79,-0.02,0.62,1
215,0.77,-0.02,0.61,1
216,0.78,-0.03,0.6,1
217,0.78,-0.03,0.61,1
218,0.79,-0.02,0.61,1
219,0.78,-0.02,0.61,1
220,0.79,-0.03,0.61,1
221,0.78,-0.02,0.6,1
222,0.78,-0.02,0.6,1
223,0.8,-0.02,0.61,1
224,0.78,-0.02,0.6,1
225,0.77,-0.02,0.6,0
226,0.78,-0.02,0.6,0
227,0.78,-0.03,0.61,0
228,0.78,-0.03,0.61,0
229,0.79,-0.03,0.6,0
230,0.79,-0.03,0.6,0
231,0.78,-0.03,0.6,0
232,0.78,-0.03,0.6,0
233,0.79,-0.03,0.6,0
234,0.79,-0.04,0.6,0
235,0.79,-0.03,0.6,0
236,0.79,-0.03,0.61,0
237,0.8,-0.04,0.6,0
238,0.79,-0.04,0.6,0
239,0.79,-0.03,0.6,0
240,0.79,-0.02,0.6,0
241,0.78,-0.03,0.59,0
242,0.78,-0.03,0.6,0
243,0.8,-0.03,0.6,0
244,0.78,-0.04,0.6,0
245,0.79,-0.03,0.6,0
246,0.79,-0.03,0.6,0
247,0.79,-0.04,0.6,0
248,0.79,-0.03,0.6,0
249,0.79,-0.03,0.6,0
250,0.78,-0.03,0.6,0
251,0.78,-0.03,0.59,0
252,0.79,-0.03,0.6,0
253,0.79,-0.03,0.6,0
254,0.79,-0.04,0.61,0
255,0.78,-0.04,0.6,0
256,0.79,-0.03,0.6,0
257,0.8,-0.03,0.6,0
258,0.78,-0.03,0.6,0
259,0.78,-0.03,0.59,0
260,0.79,-0.03,0.6,0
261,0.78,-0.04,0.6,0
262,0.78,-0.03,0.6,0
263,0.79,-0.03,0.6,0
264,0.79,-0.03,0.6,0
265,0.78,-0.04,0.6,0
266,0.79,-0.04,0.6,0
267,0.79,-0.03,0.6,0
268,0.78,-0.03,0.6,0
269,0.79,-0.03,0.6,0
270,0.79,-0.03,0.6,0
271,0.79,-0.03,0.6,0
272,0.79,-0.04,0.6,0
273,0.78,-0.03,0.6,0
274,0.8,-0.03,0.6,0
275,0.78,-0.03,0.6,0
276,0.78,-0.03,0.6,0
277,0.78,-0.03,0.6,0
278,0.79,-0.03,0.6,0
279,0.79,-0.03,0.6,0
280,0.79,-0.03,0.6,0
281,0.78,-0.03,0.6,0
282,0.79,-0.03,0.6,0
283,0.79,-0.03,0.6,0
284,0.79,-0.03,0.6,0
285,0.79,-0.03,0.6,0
286,0.79,-0.03,0.6,0
287,0.78,-0.03,0.6,0
288,0.8,-0.03,0.6,0
289,0.8,-0.03,0.6,0
290,0.79,-0.04,0.6,0
291,0.78,-0.03,0.6,0
292,0.8,-0.03,0.6,0
293,0.79,-0.03,0.59,0
294,0.79,-0.03,0.6,0
295,0.78,-0.04,0.6,0
296,0.79,-0.03,0.6,0
297,0.79,-0.04,0.61,0
298,0.78,-0.04,0.6,0
299,0.79,-0.03,0.6,0
300,0.78,-0.03,0.6,0
301,0.77,-0.03,0.6,0
302,0.78,-0.04,0.59,0
303,0.78,-0.03,0.6,0
304,0.79,-0.02,0.62,0
305,0.78,-0.03,0.61,0
306,0.78,-0.03,0.6,0
307,0.78,-0.03,0.61,0
308,0.78,-0.04,0.61,0
309,0.78,-0.03,0.61,0
310,0.79,-0.03,0.6,0
311,0.78,-0.03,0.61,0
312,0.77,-0.04,0.61,0
313,0.78,-0.01,0.62,0
314,0.77,-0.03,0.64,0
315,0.77,-0.02,0.62,0
316,0.73,0.0,0.64,0
317,0.79,-0.03,0.66,0
318,0.8,-0.06,0.59,0
319,0.76,-0.03,0.62,0
320,0.74,0.0,0.68,0
321,0.76,0.02,0.71,0
322,0.76,-0.08,0.63,0
323,0.78,0.0,0.6,0
324,0.77,-0.04,0.59,0
325,0.77,-0.03,0.6,0
326,0.78,-0.04,0.6,0
327,0.79,-0.03,0.59,0
328,0.81,-0.04,0.6,0
329,0.8,-0.04,0.6,0
330,0.79,-0.04,0.61,0
331,0.79,-0.04,0.6,0
332,0.79,-0.04,0.6,0
333,0.79,-0.03,0.6,0
334,0.79,-0.03,0.6,0
335,0.79,-0.02,0.6,0
336,0.78,-0.02,0.6,0
337,0.79,-0.02,0.6,0
338,0.79,-0.03,0.6,0
339,0.79,-0.03,0.6,0
340,0.79,-0.03,0.6,0
341,0.79,-0.03,0.6,0
342,0.78,-0.04,0.6,0
343,0.78,-0.03,0.6,0
344,0.8,-0.03,0.6,0
345,0.79,-0.04,0.6,0
346,0.78,-0.03,0.6,0
347,0.8,-0.03,0.6,0
348,0.79,-0.02,0.6,0
349,0.78,-0.03,0.6,0
350,0.79,-0.03,0.6,1
351,0.8,-0.03,0.6,1
352,0.79,-0.03,0.6,1
353,0.79,-0.04,0.6,1
354,0.79,-0.03,0.6,1
355,0.8,-0.03,0.6,1
356,0.78,-0.03,0.6,1
357,0.79,-0.03,0.6,1
358,0.8,-0.03,0.6,1
359,0.79,-0.04,0.6,1
360,0.78,-0.04,0.59,1
361,0.79,-0.04,0.59,1
362,0.8,-0.03,0.6,1
363,0.8,-0.04,0.6,1
364,0.79,-0.04,0.6,1
365,0.78,-0.03,0.59,1
366,0.8,-0.03,0.59,1
367,0.8,-0.04,0.59,1
368,0.79,-0.03,0.6,1
369,0.79,-0.04,0.63,1
370,0.85,-0.02,0.69,1
371,0.85,-0.03,0.74,1
372,0.75,-0.04,0.87,1
373,0.93,-0.13,1.05,1
374,1.05,-0.27,1.29,1
375,1.15,-0.32,1.46,1
376,1.37,-0.39,1.25,1
377,1.29,-0.37,0.86,1
378,0.97,-0.32,0.52,1
379,0.65,-0.29,0.3,1
380,0.28,-0.16,0.19,1
381,-0.06,0.0,0.12,1
382,-0.31,0.11,0.1,1
383,-0.36,0.22,0.13,1
384,-0.29,0.26,0.23,1
385,-0.16,0.34,0.4,1
386,0.18,0.47,0.51,1
387,0.67,0.48,0.64,1
388,1.15,0.4,0.79,1
389,1.18,0.4,0.83,1
390,1.6,0.15,0.76,1
391,1.6,0.01,0.93,1
392,1.54,-0.11,0.98,1
393,1.54,-0.23,1.18,1
394,1.0,-0.03,1.34,1
395,1.07,0.23,1.4,1
396,1.18,0.44,1.43,1
397,1.43,0.57,1.35,1
398,1.48,0.6,1.38,1
399,1.25,0.48,1.07,1
400,0.95,0.28,0.69,1
401,0.55,-0.01,0.35,1
402,0.12,-0.23,0.03,1
403,0.24,-0.29,-0.01,1
404,-0.04,-0.42,-0.12,1
405,-0.08,-0.48,-0.2,1
406,-0.07,-0.58,-0.27,1
407,-0.15,-0.57,-0.37,1
408,-0.03,-0.6,-0.37,1
409,0.1,-0.45,-0.33,1
410,0.33,-0.37,-0.17,1
411,0.58,-0.08,0.1,1
412,0.75,-0.08,0.49,1
413,0.99,0.11,0.89,1
414,1.0,0.18,1.04,1
415,1.27,0.26,1.29,1
416,1.18,0.43,1.34,1
417,1.35,0.36,1.32,1
418,0.98,0.39,1.17,1
419,0.87,0.29,0.98,1
420,0.83,0.22,0.8,1
421,0.82,0.1,0.6,1
422,0.86,0.05,0.56,1
423,0.85,0.01,0.54,1
424,0.88,0.01,0.55,1
425,0.86,0.02,0.55,1
426,0.86,0.02,0.53,1
427,0.83,0.01,0.47,1
428,0.82,0.01,0.47,1
429,0.88,0.0,0.48,1
430,0.88,0.01,0.49,1
431,0.86,-0.01,0.49,1
432,0.86,-0.01,0.5,1
433,0.88,0.0,0.51,1
434,0.85,0.0,0.52,1
435,0.85,0.01,0.51,1
436,0.86,-0.01,0.51,1
437,0.85,0.03,0.53,1
438,0.85,-0.01,0.5,1
439,0.82,-0.01,0.48,1
440,0.81,0.05,0.5,1
441,0.82,0.07,0.56,1
442,0.84,0.02,0.61,1
443,0.86,0.02,0.66,1
444,0.85,-0.04,0.64,1
445,0.81,0.0,0.49,1
446,0.77,-0.02,0.48,1
447,0.83,0.05,0.52,1
448,0.81,0.03,0.59,1
449,0.83,0.02,0.53,1
450,0.81,0.03,0.59,1
451,0.82,0.03,0.65,1
452,0.86,0.0,0.62,1
453,0.81,0.0,0.52,1
454,0.8,0.01,0.51,1
455,0.82,0.02,0.54,1
456,0.85,0.01,0.56,1
457,0.84,0.02,0.55,1
458,0.84,0.0,0.56,1
459,0.85,0.0,0.56,1
460,0.84,0.01,0.55,1
461,0.84,0.0,0.54,1
462,0.84,0.0,0.54,1
463,0.84,0.0,0.55,1
464,0.83,0.0,0.54,1
465,0.85,0.0,0.54,1
466,0.85,0.0,0.55,1
467,0.84,0.0,0.56,1
468,0.84,0.01,0.54,1
469,0.85,0.01,0.53,1
470,0.83,0.01,0.54,1
471,0.85,0.01,0.54,1
472,0.84,0.0,0.54,1
473,0.83,0.01,0.55,1
474,0.84,0.0,0.55,1
475,0.85,0.0,0.55,0
476,0.85,0.0,0.54,0
477,0.84,0.01,0.54,0
478,0.84,0.0,0.54,0
479,0.85,0.0,0.55,0
480,0.85,0.0,0.55,0
481,0.84,0.0,0.54,0
482,0.85,0.01,0.54,0
483,0.85,0.0,0.55,0
484,0.85,0.0,0.54,0
485,0.85,0.01,0.54,0
486,0.85,0.0,0.54,0
487,0.84,0.0,0.54,0
488,0.84,0.0,0.54,0
489,0.85,0.0,0.54,0
490,0.85,0.0,0.54,0
491,0.84,0.0,0.54,0
492,0.85,0.0,0.54,0
493,0.85,0.0,0.54,0
494,0.84,0.0,0.54,0
495,0.84,0.01,0.54,0
496,0.85,0.0,0.54,0
497,0.84,0.0,0.54,0
498,0.85,0.0,0.54,0
499,0.85,0.0,0.55,0
500,0.85,0.0,0.55,0
501,0.84,0.0,0.54,0
502,0.85,0.0,0.53,0
503,0.85,0.0,0.54,0
504,0.85,0.0,0.54,0
505,0.85,0.0,0.54,0
506,0.85,0.0,0.54,0
507,0.84,0.0,0.55,0
508,0.85,0.0,0.54,0
509,0.85,0.0,0.54,0
510,0.85,0.0,0.54,0
511,0.84,0.0,0.54,0
512,0.84,0.0,0.54,0
513,0.85,0.0,0.54,0
514,0.85,0.0,0.54,0
515,0.84,0.0,0.55,0
516,0.84,-0.01,0.54,0
517,0.84,-0.01,0.54,0
518,0.84,0.0,0.54,0
519,0.85,0.0,0.54,0
520,0.84,0.0,0.55,0
521,0.84,0.0,0.54,0
522,0.85,0.0,0.54,0
523,0.85,0.0,0.54,0
524,0.84,0.0,0.54,0
525,0.85,0.0,0.54,0
526,0.85,0.0,0.54,0
527,0.84,0.0,0.54,0
528,0.84,0.0,0.54,0
529,0.84,0.0,0.54,0
530,0.85,0.0,0.54,0
531,0.84,0.0,0.54,0
532,0.84,0.0,0.54,0
533,0.85,-0.01,0.54,0
534,0.84,-0.01,0.54,0
535,0.85,0.0,0.54,0
536,0.85,0.0,0.54,0
537,0.84,0.0,0.54,0
538,0.84,0.0,0.54,0
539,0.84,0.0,0.54,0
540,0.84,0.0,0.54,0
541,0.85,0.0,0.54,0
542,0.85,0.0,0.54,0
543,0.85,0.0,0.54,0
544,0.84,-0.01,0.54,0
545,0.84,0.0,0.53,0
546,0.85,0.0,0.54,0
547,0.85,0.0,0.54,0
548,0.84,0.0,0.54,0
549,0.85,0.0,0.54,0
550,0.85,0.0,0.54,0
551,0.84,-0.01,0.54,0
552,0.84,0.0,0.54,0
553,0.85,0.0,0.54,0
554,0.84,-0.01,0.53,0
555,0.84,0.0,0.53,0
556,0.85,0.0,0.54,0
557,0.85,-0.01,0.55,0
558,0.84,-0.01,0.55,0
559,0.85,0.0,0.54,0
560,0.85,0.0,0.54,0
561,0.83,-0.01,0.54,0
562,0.84,0.0,0.53,0
563,0.85,0.0,0.54,0
564,0.84,-0.01,0.55,0
565,0.84,0.0,0.54,0
566,0.85,-0.01,0.54,0
567,0.85,0.0,0.54,0
568,0.84,-0.01,0.54,0
569,0.85,0.0,0.53,0
570,0.85,0.0,0.54,0
571,0.85,0.0,0.54,0
572,0.85,0.0,0.54,0
573,0.84,0.0,0.54,0
574,0.85,0.0,0.54,0
575,0.85,-0.01,0.55,0
576,0.85,0.0,0.54,0
577,0.84,0.0,0.54,0
578,0.84,-0.01,0.54,0
579,0.84,0.0,0.54,0
580,0.85,0.0,0.53,0
581,0.84,-0.01,0.54,0
582,0.84,0.0,0.55,0
583,0.85,-0.01,0.56,0
584,0.84,0.0,0.55,0
585,0.83,-0.01,0.57,0
586,0.84,0.0,0.57,0
587,0.83,-0.01,0.54,0
588,0.81,0.0,0.55,0
589,0.81,0.01,0.54,0
590,0.82,0.03,0.58,0
591,0.79,-0.03,0.57,0
592,0.85,-0.01,0.58,0
593,0.83,-0.01,0.62,0
594,0.82,0.02,0.65,0
595,0.83,-0.02,0.55,0
596,0.82,0.0,0.48,0
597,0.79,0.0,0.52,0
598,0.82,-0.01,0.54,0
599,0.84,0.0,0.55,0
600,0.85,-0.01,0.54,0
601,0.84,-0.02,0.56,0
602,0.85,-0.01,0.57,0
603,0.85,-0.02,0.55,0
604,0.84,-0.01,0.55,0
605,0.85,-0.01,0.55,0
606,0.85,-0.01,0.54,0
607,0.84,0.0,0.54,0
608,0.83,-0.01,0.54,0
609,0.84,-0.01,0.54,0
610,0.85,-0.01,0.55,0
611,0.84,-0.01,0.55,0
612,0.84,-0.01,0.55,0
613,0.85,-0.01,0.55,0
614,0.84,-0.01,0.55,0
615,0.84,0.0,0.55,0
616,0.84,0.0,0.55,0
617,0.83,0.0,0.55,0
618,0.84,-0.01,0.55,0
619,0.84,-0.01,0.55,0
620,0.84,-0.01,0.54,0
621,0.84,-0.01,0.56,0
622,0.83,-0.01,0.55,0
623,0.84,-0.01,0.54,0
624,0.85,0.0,0.56,0
625,0.84,-0.01,0.55,1
626,0.83,-0.01,0.54,1
627,0.84,0.0,0.55,1
628,0.84,-0.01,0.55,1
629,0.84,-0.01,0.55,1
630,0.84,-0.01,0.55,1
631,0.85,-0.01,0.55,1
632,0.84,-0.01,0.56,1
633,0.83,-0.01,0.54,1
634,0.84,-0.01,0.54,1
635,0.84,-0.01,0.55,1
636,0.84,-0.01,0.56,1
637,0.84,-0.01,0.54,1
638,0.84,-0.01,0.54,1
639,0.85,-0.01,0.56,1
640,0.84,-0.01,0.56,1
641,0.83,0.0,0.54,1
642,0.85,0.0,0.55,1
643,0.85,0.02,0.62,1
644,0.95,0.01,0.67,1
645,0.88,0.02,0.8,1
646,1.0,-0.04,1.04,1
647,1.12,-0.18,1.35,1
648,1.31,-0.3,1.41,1
649,1.55,-0.29,1.14,1
650,1.39,-0.29,0.77,1
651,0.97,-0.26,0.42,1
652,0.68,-0.25,0.22,1
653,0.24,-0.2,0.24,1
654,-0.04,-0.05,0.28,1
655,-0.17,0.1,0.28,1
656,-0.33,0.13,0.24,1
657,-0.29,0.21,0.26,1
658,-0.15,0.32,0.36,1
659,-0.09,0.48,0.42,1
660,0.28,0.59,0.52,1
661,0.75,0.78,0.73,1
662,1.37,0.78,0.64,1
663,1.68,0.49,0.74,1
664,1.58,0.23,0.84,1
665,1.68,0.07,0.62,1
666,1.87,-0.05,1.1,1
667,1.29,0.12,1.38,1
668,1.34,0.29,1.73,1
669,1.26,0.56,1.69,1
670,1.54,0.75,1.5,1
671,1.54,0.79,1.19,1
672,1.3,0.66,0.78,1
673,0.81,0.36,0.45,1
674,0.37,0.07,0.22,1
675,0.04,-0.16,-0.02,1
676,0.05,-0.27,-0.11,1
677,-0.17,-0.34,-0.22,1
678,-0.15,-0.4,-0.33,1
679,-0.15,-0.42,-0.4,1
680,-0.12,-0.43,-0.4,1
681,0.06,-0.39,-0.39,1
682,0.34,-0.21,-0.4,1
683,0.81,-0.06,-0.07,1
684,0.92,0.13,0.36,1
685,1.4,0.41,1.18,1
686,1.34,0.47,1.31,1
687,1.53,0.62,1.55,1
688,1.33,0.64,1.53,1
689,1.13,0.54,1.48,1
690,0.9,0.41,1.23,1
691,0.78,0.23,0.81,1
692,0.81,0.12,0.46,1
693,0.76,0.02,0.37,1
694,0.8,-0.01,0.42,1
695,0.78,0.01,0.48,1
696,0.83,0.01,0.57,1
697,0.86,0.03,0.59,1
698,0.86,0.02,0.58,1
699,0.86,0.02,0.54,1
700,0.85,0.0,0.51,1
701,0.85,0.0,0.51,1
702,0.85,0.0,0.52,1
703,0.85,0.01,0.51,1
704,0.85,0.02,0.52,1
705,0.85,0.01,0.52,1
706,0.85,0.02,0.53,1
707,0.85,0.01,0.54,1
708,0.83,0.02,0.55,1
709,0.85,0.0,0.54,1
710,0.83,0.03,0.53,1
711,0.85,0.02,0.56,1
712,0.84,0.03,0.51,1
713,0.78,0.06,0.62,1
714,0.85,0.02,0.69,1
715,0.81,0.08,0.66,1
716,0.85,-0.07,0.52,1
717,0.83,-0.02,0.47,1
718,0.73,-0.02,0.55,1
719,0.81,0.09,0.53,1
720,0.77,0.09,0.65,1
721,0.83,0.07,0.69,1
722,0.84,-0.09,0.61,1
723,0.81,0.03,0.53,1
724,0.81,0.01,0.57,1
725,0.79,0.0,0.58,0
726,0.83,0.01,0.57,0
727,0.82,0.01,0.57,0
728,0.82,0.01,0.57,0
729,0.81,0.0,0.58,0
730,0.82,0.01,0.57,0
731,0.83,0.0,0.58,0
732,0.81,0.0,0.58,0
733,0.82,0.01,0.57,0
734,0.83,0.01,0.57,0
735,0.83,0.0,0.58,0
736,0.83,0.0,0.58,0
737,0.82,0.0,0.58,0
738,0.82,-0.01,0.58,0
739,0.82,0.0,0.57,0
740,0.82,0.0,0.56,0
741,0.82,0.01,0.56,0
742,0.83,0.0,0.57,0
743,0.82,0.0,0.58,0
744,0.81,0.0,0.58,0
745,0.82,0.0,0.57,0
746,0.84,-0.01,0.57,0
747,0.82,0.0,0.57,0
748,0.83,0.0,0.57,0
749,0.82,0.0,0.57,0
750,0.82,0.0,0.57,0
751,0.84,0.0,0.57,0
752,0.82,0.0,0.56,0
753,0.81,0.0,0.57,0
754,0.83,0.0,0.58,0
755,0.82,0.0,0.57,0
756,0.82,0.0,0.57,0
757,0.83,0.0,0.57,0
758,0.83,-0.01,0.56,0
759,0.82,0.0,0.57,0
760,0.84,0.0,0.58,0
761,0.83,0.0,0.56,0
762,0.83,0.0,0.56,0
763,0.84,0.0,0.57,0
764,0.84,-0.01,0.57,0
765,0.83,0.0,0.57,0
766,0.82,-0.01,0.56,0
767,0.83,-0.01,0.56,0
768,0.83,-0.01,0.57,0
769,0.82,-0.01,0.57,0
770,0.82,-0.01,0.57,0
771,0.83,0.0,0.57,0
772,0.83,-0.01,0.56,0
773,0.83,-0.01,0.57,0
774,0.82,0.0,0.57,0
775,0.83,-0.01,0.57,0
776,0.83,-0.01,0.56,0
777,0.84,-0.01,0.56,0
778,0.83,-0.01,0.56,0
779,0.83,-0.01,0.55,0
780,0.83,0.0,0.56,0
781,0.84,-0.01,0.56,0
782,0.84,-0.01,0.57,0
783,0.85,-0.01,0.56,0
784,0.84,-0.01,0.55,0
785,0.83,-0.01,0.55,0
786,0.84,-0.01,0.55,0
787,0.84,-0.01,0.55,0
788,0.84,-0.01,0.55,0
789,0.84,-0.01,0.55,0
790,0.84,-0.01,0.55,0
791,0.84,-0.01,0.55,0
792,0.85,-0.01,0.55,0
793,0.85,-0.01,0.56,0
794,0.84,-0.02,0.57,0
795,0.84,-0.02,0.55,0
796,0.84,-0.02,0.54,0
797,0.84,-0.02,0.55,0
798,0.83,-0.02,0.55,0
799,0.83,-0.01,0.53,0
800,0.84,-0.01,0.55,0
801,0.83,-0.02,0.56,0
802,0.83,-0.02,0.55,0
803,0.85,-0.01,0.55,0
804,0.84,-0.01,0.56,0
805,0.83,-0.02,0.56,0
806,0.84,-0.01,0.55,0
807,0.84,-0.01,0.56,0
808,0.82,-0.01,0.56,0
809,0.82,-0.01,0.56,0
810,0.85,0.0,0.55,0
811,0.83,-0.01,0.56,0
812,0.83,-0.01,0.56,0
813,0.84,-0.01,0.56,0
814,0.84,-0.01,0.56,0
815,0.83,-0.01,0.56,0
816,0.84,-0.01,0.56,0
817,0.84,-0.01,0.56,0
818,0.83,-0.01,0.55,0
819,0.83,-0.01,0.55,0
820,0.84,-0.01,0.56,0
821,0.84,-0.01,0.55,0
822,0.84,-0.01,0.55,0
823,0.84,-0.01,0.56,0
824,0.84,-0.01,0.56,0
825,0.84,-0.01,0.55,0
826,0.84,-0.01,0.55,0
827,0.84,-0.01,0.55,0
828,0.83,-0.01,0.54,0
829,0.83,-0.01,0.55,0
830,0.84,-0.01,0.55,0
831,0.84,-0.02,0.55,0
832,0.84,-0.02,0.55,0
833,0.85,-0.01,0.55,0
834,0.85,-0.01,0.57,0
835,0.84,-0.02,0.57,0
836,0.83,-0.02,0.55,0
837,0.84,-0.01,0.54,0
838,0.83,-0.01,0.54,0
839,0.83,-0.01,0.55,0
840,0.84,-0.01,0.56,0
841,0.84,-0.01,0.56,0
842,0.84,-0.01,0.56,0
843,0.84,-0.01,0.56,0
844,0.84,-0.01,0.56,0
845,0.83,-0.01,0.56,0
846,0.83,-0.01,0.55,0
847,0.83,-0.01,0.55,0
848,0.83,-0.01,0.56,0
849,0.83,-0.01,0.56,0
850,0.83,-0.01,0.56,0
851,0.83,-0.01,0.56,0
852,0.83,-0.01,0.57,0
853,0.83,-0.01,0.57,0
854,0.83,-0.01,0.56,0
855,0.84,-0.01,0.55,0
856,0.82,-0.01,0.56,0
857,0.83,-0.02,0.56,0
858,0.84,-0.02,0.56,0
859,0.84,-0.02,0.56,0
860,0.83,-0.02,0.55,0
861,0.83,-0.02,0.56,0
862,0.83,-0.01,0.56,0
863,0.83,-0.02,0.56,0
864,0.83,-0.02,0.57,0
865,0.84,-0.01,0.56,0
866,0.84,-0.02,0.56,0
867,0.82,-0.01,0.56,0
868,0.84,-0.01,0.56,0
869,0.84,-0.01,0.57,0
870,0.84,-0.02,0.56,0
871,0.83,-0.01,0.56,0
872,0.84,-0.01,0.55,0
873,0.84,-0.01,0.56,0
874,0.83,-0.02,0.56,0
875,0.84,-0.01,0.56,0
876,0.83,-0.01,0.57,0
877,0.83,-0.01,0.57,0
878,0.84,-0.01,0.55,0
879,0.83,-0.01,0.56,0
880,0.83,-0.01,0.56,0
881,0.84,-0.02,0.56,0
882,0.84,-0.02,0.56,0
883,0.83,-0.02,0.56,0
884,0.83,-0.01,0.56,0
885,0.82,-0.01,0.56,0
886,0.84,-0.01,0.56,0
887,0.84,-0.01,0.57,0
888,0.83,-0.01,0.56,0
889,0.83,-0.01,0.56,0
890,0.84,-0.01,0.56,0
891,0.83,-0.01,0.56,0
892,0.83,-0.01,0.56,0
893,0.83,-0.02,0.56,0
894,0.83,-0.02,0.56,0
895,0.84,-0.02,0.57,0
896,0.84,-0.01,0.56,0
897,0.83,-0.01,0.56,0
898,0.83,-0.01,0.56,0
899,0.83,-0.02,0.56,0
900,0.83,-0.02,0.56,0
901,0.83,-0.01,0.57,0
902,0.83,-0.01,0.57,0
903,0.83,-0.02,0.56,0
904,0.82,-0.02,0.58,0
905,0.83,-0.02,0.57,0
906,0.82,-0.02,0.57,0
907,0.81,-0.01,0.57,0
908,0.82,0.0,0.58,0
909,0.82,-0.02,0.59,0
910,0.79,0.0,0.6,0
911,0.82,-0.02,0.59,0
912,0.8,0.0,0.59,0
913,0.78,-0.01,0.57,0
914,0.82,0.0,0.59,0
915,0.8,-0.01,0.6,0
916,0.79,-0.02,0.6,0
917,0.82,-0.04,0.6,0
918,0.81,-0.04,0.59,0
919,0.82,0.02,0.58,0
920,0.79,-0.01,0.57,0
921,0.82,0.0,0.54,0
922,0.81,-0.01,0.57,0
923,0.82,-0.02,0.57,0
924,0.83,-0.01,0.59,0
925,0.84,-0.01,0.57,0
926,0.82,-0.01,0.57,0
927,0.82,-0.01,0.56,0
928,0.83,-0.01,0.57,0
929,0.82,-0.01,0.57,0
930,0.83,-0.01,0.58,0
931,0.83,-0.01,0.57,0
932,0.82,-0.01,0.57,0
933,0.82,-0.01,0.57,0
934,0.82,-0.01,0.57,0
935,0.82,-0.01,0.57,0
936,0.83,-0.01,0.58,0
937,0.83,-0.01,0.57,0
938,0.83,-0.01,0.56,0
939,0.82,-0.02,0.58,0
940,0.83,-0.02,0.58,0
941,0.82,-0.01,0.57,0
942,0.82,-0.01,0.57,0
943,0.82,-0.01,0.56,0
944,0.81,-0.01,0.57,0
945,0.82,-0.01,0.57,0
946,0.83,-0.02,0.58,0
947,0.83,-0.01,0.58,0
948,0.82,-0.01,0.57,0
949,0.81,-0.01,0.57,0
950,0.82,-0.01,0.57,1
951,0.83,-0.02,0.57,1
952,0.81,-0.01,0.57,1
953,0.83,-0.01,0.57,1
954,0.82,-0.02,0.57,1
955,0.82,-0.01,0.58,1
956,0.82,-0.01,0.57,1
957,0.82,-0.01,0.57,1
958,0.82,-0.01,0.57,1
959,0.82,-0.01,0.57,1
960,0.82,-0.01,0.57,1
961,0.82,-0.02,0.57,1
962,0.82,-0.01,0.58,1
963,0.83,-0.02,0.58,1
964,0.83,-0.02,0.57,1
965,0.82,-0.01,0.57,1
966,0.82,-0.01,0.57,1
967,0.82,-0.02,0.56,1
968,0.83,-0.02,0.58,1
969,0.83,-0.02,0.59,1
970,0.84,-0.01,0.66,1
971,0.9,-0.03,0.73,1
972,0.84,0.0,0.92,1
973,0.97,-0.05,1.18,1
974,1.08,-0.22,1.36,1
975,1.29,-0.29,1.27,1
976,1.49,-0.33,1.03,1
977,1.25,-0.3,0.76,1
978,0.97,-0.29,0.51,1
979,0.74,-0.26,0.28,1
980,0.24,-0.21,0.19,1
981,-0.04,-0.12,0.16,1
982,-0.23,0.03,0.12,1
983,-0.44,0.18,0.18,1
984,-0.39,0.28,0.18,1
985,-0.27,0.38,0.29,1
986,0.02,0.5,0.28,1
987,0.52,0.5,0.38,1
988,0.98,0.58,0.49,1
989,1.58,0.48,0.81,1
990,1.6,0.36,0.95,1
991,2.04,0.03,0.94,1
992,1.75,0.0,1.0,1
993,1.61,0.06,1.18,1
994,1.36,0.18,1.5,1
995,1.49,0.3,1.5,1
996,1.53,0.46,1.37,1
997,1.45,0.45,1.18,1
998,1.21,0.32,0.79,1
999,0.78,0.1,0.46,1
1000,0.3,-0.1,0.22,1
1001,0.3,-0.23,0.04,1
1002,0.01,-0.37,-0.11,1
1003,-0.11,-0.42,-0.21,1
1004,-0.05,-0.44,-0.31,1
1005,-0.21,-0.45,-0.39,1
1006,-0.08,-0.46,-0.41,1
1007,0.06,-0.35,-0.39,1
1008,0.38,-0.13,-0.39,1
1009,0.86,-0.08,-0.02,1
1010,0.96,0.31,0.73,1
1011,1.38,0.29,1.37,1
1012,1.27,0.43,1.52,1
1013,1.29,0.43,1.56,1
1014,1.22,0.38,1.43,1
1015,0.96,0.37,1.31,1
1016,0.83,0.25,1.09,1
1017,0.74,0.18,0.86,1
1018,0.81,0.06,0.61,1
1019,0.78,-0.01,0.54,1
1020,0.78,-0.01,0.53,1
1021,0.8,0.0,0.56,1
1022,0.83,0.0,0.56,1
1023,0.84,-0.05,0.58,1
1024,0.83,-0.03,0.58,1
1025,0.84,-0.01,0.59,1
1026,0.85,-0.01,0.58,1
1027,0.84,-0.02,0.56,1
1028,0.83,-0.03,0.56,1
1029,0.81,0.0,0.57,1
1030,0.83,-0.02,0.57,1
1031,0.79,0.0,0.55,1
1032,0.82,-0.03,0.57,1
1033,0.82,0.03,0.58,1
1034,0.82,-0.02,0.6,1
1035,0.78,0.01,0.6,1
1036,0.84,-0.03,0.56,1
1037,0.78,0.02,0.58,1
1038,0.81,0.0,0.62,1
1039,0.84,-0.01,0.65,1
1040,0.84,0.0,0.61,1
1041,0.79,-0.06,0.53,1
1042,0.78,0.02,0.5,1
1043,0.78,-0.07,0.55,1
1044,0.8,0.05,0.58,1
1045,0.79,0.05,0.66,1
1046,0.81,-0.02,0.66,1
1047,0.8,-0.03,0.6,1
1048,0.84,-0.01,0.56,1
1049,0.8,-0.01,0.56,1
1050,0.82,0.0,0.58,0
1051,0.81,0.01,0.58,0
1052,0.79,0.0,0.57,0
1053,0.81,0.0,0.58,0
1054,0.83,0.0,0.58,0
1055,0.82,-0.01,0.59,0
1056,0.81,0.0,0.59,0
1057,0.83,0.0,0.59,0
1058,0.83,0.0,0.58,0
1059,0.82,0.0,0.58,0
1060,0.8,0.0,0.58,0
1061,0.8,0.0,0.57,0
1062,0.81,0.0,0.58,0
1063,0.81,0.0,0.58,0
1064,0.82,0.0,0.58,0
1065,0.82,0.0,0.59,0
1066,0.82,0.0,0.59,0
1067,0.82,-0.01,0.58,0
1068,0.81,0.0,0.58,0
1069,0.82,0.0,0.58,0
1070,0.82,0.0,0.58,0
1071,0.8,-0.01,0.58,0
1072,0.8,0.0,0.57,0
1073,0.82,0.0,0.58,0
1074,0.82,0.0,0.58,0
1075,0.82,0.0,0.57,0
1076,0.82,0.0,0.59,0
1077,0.82,-0.01,0.58,0
1078,0.82,-0.01,0.58,0
1079,0.82,-0.01,0.58,0
1080,0.83,-0.01,0.57,0
1081,0.81,0.0,0.58,0
1082,0.81,0.0,0.58,0
1083,0.83,0.0,0.57,0
1084,0.82,0.0,0.57,0
1085,0.81,0.0,0.58,0
1086,0.84,0.0,0.58,0
1087,0.82,0.0,0.58,0
1088,0.82,0.0,0.57,0
1089,0.83,0.0,0.57,0
1090,0.82,0.0,0.57,0
1091,0.81,0.0,0.57,0
1092,0.82,0.0,0.57,0
1093,0.84,-0.01,0.58,0
1094,0.83,0.0,0.58,0
1095,0.83,0.0,0.56,0
1096,0.84,0.0,0.58,0
1097,0.82,0.0,0.57,0
1098,0.81,-0.01,0.56,0
1099,0.83,-0.01,0.58,0
1100,0.82,-0.01,0.58,0
1101,0.84,0.0,0.56,0
1102,0.83,-0.01,0.57,0
1103,0.82,-0.01,0.58,0
1104,0.83,0.0,0.57,0
1105,0.83,0.0,0.57,0
1106,0.82,0.0,0.57,0
1107,0.82,0.0,0.57,0
1108,0.83,0.0,0.58,0
1109,0.82,-0.01,0.57,0
1110,0.82,0.0,0.58,0
1111,0.83,0.0,0.57,0
1112,0.84,-0.01,0.58,0
1113,0.81,-0.01,0.57,0
1114,0.83,-0.01,0.57,0
1115,0.83,-0.01,0.57,0
1116,0.8,-0.01,0.57,0
1117,0.83,0.0,0.57,0
1118,0.84,-0.01,0.57,0
1119,0.81,-0.01,0.58,0
1120,0.81,0.0,0.56,0
1121,0.84,-0.01,0.56,0
1122,0.83,-0.01,0.57,0
1123,0.83,-0.01,0.59,0
1124,0.84,-0.01,0.57,0
1125,0.83,-0.01,0.56,0
1126,0.83,0.0,0.56,0
1127,0.82,0.0,0.56,0
1128,0.83,0.0,0.57,0
1129,0.84,-0.01,0.58,0
1130,0.82,0.0,0.56,0
1131,0.82,0.0,0.57,0
1132,0.82,0.0,0.57,0
1133,0.83,0.0,0.56,0
1134,0.83,0.0,0.58,0
1135,0.83,-0.01,0.58,0
1136,0.82,0.0,0.57,0
1137,0.83,0.0,0.57,0
1138,0.83,0.0,0.56,0
1139,0.83,0.0,0.57,0
1140,0.82,0.0,0.57,0
1141,0.83,0.0,0.57,0
1142,0.82,0.0,0.58,0
1143,0.83,0.0,0.57,0
1144,0.83,0.0,0.57,0
1145,0.83,0.0,0.57,0
1146,0.81,0.0,0.58,0
1147,0.82,0.0,0.57,0
1148,0.84,0.0,0.57,0
1149,0.83,0.0,0.57,0
1150,0.83,0.0,0.57,0
1151,0.83,0.0,0.58,0
1152,0.82,0.0,0.57,0
1153,0.82,0.0,0.58,0
1154,0.82,0.0,0.57,0
1155,0.82,0.0,0.57,0
1156,0.83,0.0,0.58,0
1157,0.82,0.0,0.58,0
1158,0.82,0.0,0.58,0
1159,0.8,0.0,0.58,0
1160,0.82,0.0,0.57,0
1161,0.81,-0.01,0.58,0
1162,0.82,0.0,0.57,0
1163,0.83,-0.01,0.58,0
1164,0.82,-0.01,0.58,0
1165,0.8,-0.01,0.58,0
1166,0.83,-0.01,0.58,0
1167,0.83,0.0,0.58,0
1168,0.82,0.0,0.58,0
1169,0.82,0.0,0.58,0
1170,0.81,0.0,0.58,0
1171,0.81,0.01,0.58,0
1172,0.8,0.01,0.58,0
1173,0.79,0.01,0.59,0
1174,0.81,0.0,0.6,0
1175,0.8,0.0,0.59,0
1176,0.8,0.01,0.59,0
1177,0.81,0.0,0.59,0
1178,0.81,0.0,0.59,0
1179,0.8,0.0,0.59,0
1180,0.81,0.0,0.59,0
1181,0.8,-0.01,0.59,0
1182,0.81,0.0,0.58,0
1183,0.82,0.0,0.58,0
1184,0.81,0.0,0.59,0
1185,0.8,0.0,0.58,0
1186,0.81,0.0,0.58,0
1187,0.81,0.0,0.59,0
1188,0.81,0.0,0.59,0
1189,0.81,0.0,0.59,0
1190,0.81,0.0,0.59,0
1191,0.8,0.0,0.59,0
1192,0.81,0.0,0.58,0
1193,0.81,0.0,0.59,0
1194,0.8,0.0,0.59,0
1195,0.81,0.0,0.59,0
1196,0.81,0.0,0.59,0
1197,0.81,0.0,0.59,0
1198,0.81,0.0,0.59,0
1199,0.81,0.0,0.59,0
1200,0.81,0.0,0.6,0
1201,0.8,0.0,0.59,0
1202,0.8,0.0,0.58,0
1203,0.8,0.01,0.6,0
1204,0.79,-0.01,0.59,0
1205,0.78,0.03,0.6,0
1206,0.78,-0.01,0.6,0
1207,0.77,0.02,0.6,0
1208,0.77,-0.02,0.62,0
1209,0.77,0.01,0.63,0
1210,0.81,0.0,0.64,0
1211,0.79,-0.02,0.63,0
1212,0.77,0.0,0.63,0
1213,0.81,-0.01,0.64,0
1214,0.77,0.0,0.56,0
1215,0.77,0.0,0.59,0
1216,0.81,0.01,0.6,0
1217,0.78,0.0,0.6,0
1218,0.8,0.0,0.59,0
1219,0.8,0.0,0.59,0
1220,0.79,0.0,0.6,0
1221,0.79,0.0,0.6,0
1222,0.79,0.0,0.59,0
1223,0.8,0.0,0.6,0
1224,0.8,0.0,0.6,0
1225,0.78,0.0,0.6,1
1226,0.8,0.0,0.6,1
1227,0.79,0.0,0.6,1
1228,0.79,0.0,0.6,1
1229,0.8,0.0,0.6,1
1230,0.81,0.0,0.6,1
1231,0.8,0.0,0.61,1
1232,0.79,0.0,0.6,1
1233,0.78,0.0,0.59,1
1234,0.79,0.0,0.59,1
1235,0.79,0.0,0.6,1
1236,0.78,0.0,0.6,1
1237,0.79,0.0,0.6,1
1238,0.8,0.0,0.61,1
1239,0.8,0.0,0.6,1
1240,0.78,0.0,0.59,1
1241,0.78,0.0,0.6,1
1242,0.79,0.03,0.65,1
1243,0.9,0.0,0.7,1
1244,0.75,0.1,0.88,1
1245,0.95,-0.01,1.21,1
1246,1.26,-0.24,1.45,1
1247,1.57,-0.36,1.46,1
1248,1.54,-0.4,1.22,1
1249,1.25,-0.32,0.76,1
1250,0.92,-0.19,0.36,1
1251,0.46,-0.01,0.17,1
1252,-0.05,0.09,0.16,1
1253,-0.29,0.27,0.1,1
1254,-0.4,0.35,0.08,1
1255,-0.39,0.32,0.08,1
1256,-0.39,0.34,0.14,1
1257,-0.13,0.51,0.26,1
1258,0.17,0.64,0.46,1
1259,1.03,0.76,0.77,1
1260,1.43,0.74,0.88,1
1261,2.08,0.28,1.02,1
1262,1.77,-0.01,1.07,1
1263,1.82,-0.22,1.32,1
1264,1.6,-0.05,1.75,1
1265,1.43,0.23,1.97,1
1266,1.41,0.53,1.69,1
1267,1.48,0.52,1.43,1
1268,1.25,0.46,1.11,1
1269,0.96,0.27,0.66,1
1270,0.58,0.07,0.3,1
1271,0.06,-0.08,0.07,1
1272,0.12,-0.24,-0.13,1
1273,-0.02,-0.31,-0.28,1
1274,-0.17,-0.4,-0.42,1
1275,-0.03,-0.39,-0.49,1
1276,-0.02,-0.34,-0.47,1
1277,0.21,-0.15,-0.49,1
1278,0.46,-0.16,-0.29,1
1279,0.68,0.21,0.14,1
1280,1.1,0.19,0.9,1
1281,1.22,0.51,1.54,1
1282,1.45,0.38,1.68,1
1283,1.22,0.47,1.5,1
1284,1.08,0.37,1.4,1
1285,0.89,0.26,1.11,1
1286,0.83,0.17,0.86,1
1287,0.78,0.08,0.73,1
1288,0.77,0.07,0.61,1
1289,0.83,0.0,0.59,1
1290,0.78,0.0,0.57,1
1291,0.77,0.01,0.58,1
1292,0.86,0.0,0.59,1
1293,0.77,0.01,0.56,1
1294,0.83,0.0,0.57,1
1295,0.84,0.0,0.57,1
1296,0.83,0.0,0.59,1
1297,0.81,0.02,0.58,1
1298,0.81,0.01,0.59,1
1299,0.82,-0.01,0.58,1
1300,0.84,0.01,0.59,1
1301,0.8,-0.01,0.6,1
1302,0.81,0.04,0.6,1
1303,0.78,-0.01,0.6,1
1304,0.81,0.04,0.61,1
1305,0.76,0.04,0.6,1
1306,0.74,0.08,0.64,1
1307,0.76,0.04,0.64,1
1308,0.79,0.03,0.67,1
1309,0.79,-0.06,0.68,1
1310,0.83,0.08,0.6,1
1311,0.74,0.0,0.55,1
1312,0.77,0.03,0.59,1
1313,0.75,0.07,0.57,1
1314,0.78,0.04,0.62,1
1315,0.78,0.01,0.63,1
1316,0.78,0.04,0.66,1
1317,0.83,0.06,0.67,1
1318,0.77,0.0,0.6,1
1319,0.8,0.03,0.55,1
1320,0.77,0.03,0.59,1
1321,0.78,0.03,0.59,1
1322,0.8,0.03,0.59,1
1323,0.79,0.04,0.6,1
1324,0.83,0.03,0.61,1
1325,0.78,0.04,0.61,0
1326,0.79,0.04,0.59,0
1327,0.78,0.04,0.58,0
1328,0.82,0.05,0.6,0
1329,0.8,0.03,0.59,0
1330,0.8,0.02,0.6,0
1331,0.79,0.04,0.6,0
1332,0.78,0.04,0.6,0
1333,0.77,0.04,0.6,0
1334,0.77,0.04,0.6,0
1335,0.79,0.04,0.6,0
1336,0.78,0.05,0.6,0
1337,0.77,0.03,0.59,0
1338,0.78,0.03,0.6,0
1339,0.77,0.02,0.61,0
1340,0.79,0.04,0.6,0
1341,0.79,0.06,0.61,0
1342,0.79,0.08,0.61,0
1343,0.76,0.08,0.61,0
1344,0.78,0.06,0.62,0
1345,0.77,0.08,0.62,0
1346,0.78,0.04,0.61,0
1347,0.78,0.03,0.61,0
1348,0.8,0.02,0.61,0
1349,0.78,0.02,0.61,0
1350,0.76,0.03,0.6,0
1351,0.77,0.03,0.6,0
1352,0.78,0.03,0.61,0
1353,0.77,0.04,0.63,0
1354,0.78,0.04,0.62,0
1355,0.77,0.05,0.63,0
1356,0.77,0.05,0.61,0
1357,0.76,0.04,0.6,0
1358,0.77,0.03,0.61,0
1359,0.78,0.03,0.61,0
1360,0.77,0.05,0.61,0
1361,0.77,0.05,0.61,0
1362,0.77,0.07,0.61,0
1363,0.77,0.06,0.61,0
1364,0.77,0.05,0.61,0
1365,0.78,0.02,0.62,0
1366,0.77,0.0,0.64,0
1367,0.8,0.0,0.67,0
1368,0.79,0.0,0.65,0
1369,0.76,-0.01,0.64,0
1370,0.77,0.01,0.61,0
1371,0.78,0.04,0.59,0
1372,0.74,0.03,0.61,0
1373,0.76,0.01,0.61,0
1374,0.77,0.0,0.6,0
1375,0.8,0.0,0.61,0
1376,0.81,0.0,0.61,0
1377,0.83,0.0,0.62,0
1378,0.79,0.01,0.61,0
1379,0.78,0.01,0.59,0
1380,0.8,0.01,0.59,0
1381,0.8,0.01,0.59,0
1382,0.77,-0.01,0.59,0
1383,0.8,-0.01,0.6,0
1384,0.79,-0.01,0.6,0
1385,0.8,-0.01,0.6,0
1386,0.81,0.0,0.6,0
1387,0.79,0.01,0.6,0
1388,0.93,0.0,0.57,0
1389,0.72,0.0,0.59,0
1390,0.53,-0.05,0.63,0
1391,0.84,0.02,0.66,0
1392,0.75,0.03,0.6,0
1393,0.79,-0.01,0.61,0
1394,0.81,-0.04,0.6,0
1395,0.8,-0.02,0.59,0
1396,0.81,-0.01,0.59,0
1397,0.79,0.01,0.6,0
1398,0.79,0.02,0.6,0
1399,0.77,0.01,0.61,0
1400,0.77,0.01,0.61,0
1401,0.8,0.02,0.61,0
1402,0.81,0.01,0.61,0
1403,0.79,0.0,0.6,0
1404,0.78,0.0,0.6,0
1405,0.78,0.0,0.59,0
1406,0.78,0.01,0.6,0
1407,0.78,0.01,0.6,0
1408,0.78,0.01,0.61,0
1409,0.78,0.0,0.62,0
1410,0.79,0.01,0.62,0
1411,0.79,0.01,0.62,0
1412,0.78,0.0,0.6,0
1413,0.8,0.0,0.59,0
1414,0.79,-0.01,0.59,0
1415,0.79,0.0,0.6,0
1416,0.77,0.0,0.62,0
1417,0.79,0.0,0.62,0
1418,0.75,0.0,0.62,0
1419,0.77,0.0,0.61,0
1420,0.78,0.0,0.61,0
1421,0.78,0.0,0.61,0
1422,0.78,-0.01,0.61,0
1423,0.79,0.0,0.61,0
1424,0.78,0.0,0.61,0
1425,0.79,-0.01,0.6,0
1426,0.78,0.0,0.6,0
1427,0.78,0.0,0.61,0
1428,0.78,0.0,0.61,0
1429,0.78,0.0,0.61,0
1430,0.78,0.0,0.6,0
1431,0.78,0.0,0.6,0
1432,0.78,-0.01,0.6,0
1433,0.78,0.0,0.61,0
1434,0.79,-0.01,0.6,0
1435,0.78,-0.01,0.6,0
1436,0.78,-0.01,0.61,0
1437,0.78,-0.01,0.6,0
1438,0.78,-0.01,0.6,0
1439,0.79,-0.01,0.61,0
1440,0.78,-0.01,0.61,0
1441,0.78,-0.01,0.61,0
1442,0.79,-0.01,0.6,0
1443,0.78,-0.01,0.6,0
1444,0.79,-0.01,0.6,0
1445,0.79,-0.01,0.6,0
1446,0.78,-0.01,0.6,0
1447,0.77,0.0,0.59,0
1448,0.78,-0.01,0.6,0
1449,0.79,-0.01,0.6,0
1450,0.79,-0.01,0.61,0
1451,0.79,-0.02,0.6,0
1452,0.79,-0.01,0.6,0
1453,0.82,0.0,0.6,0
1454,0.79,0.0,0.6,0
1455,0.78,0.0,0.6,0
1456,0.78,0.0,0.6,0
1457,0.8,0.0,0.59,0
1458,0.82,0.0,0.6,0
1459,0.79,-0.02,0.6,0
1460,0.78,-0.02,0.6,0
1461,0.79,-0.01,0.59,0
1462,0.79,-0.01,0.59,0
1463,0.8,0.0,0.59,0
1464,0.79,0.0,0.6,0
1465,0.79,0.0,0.6,0
1466,0.79,-0.01,0.6,0
1467,0.79,-0.01,0.6,0
1468,0.8,-0.01,0.6,0
1469,0.8,-0.01,0.6,0
1470,0.8,-0.01,0.61,0
1471,0.8,-0.01,0.6,0
1472,0.79,-0.02,0.59,0
1473,0.8,-0.01,0.59,0
1474,0.79,-0.01,0.6,0
1475,0.79,-0.01,0.6,0
1476,0.78,0.0,0.6,0
1477,0.8,0.0,0.6,0
1478,0.79,-0.01,0.6,0
1479,0.78,0.0,0.6,0
1480,0.79,-0.01,0.61,0
1481,0.78,0.0,0.61,0
1482,0.79,0.0,0.61,0
1483,0.78,0.0,0.6,0
1484,0.8,-0.01,0.6,0
1485,0.77,0.0,0.61,0
1486,0.79,0.0,0.6,0
1487,0.77,0.0,0.6,0
1488,0.79,-0.01,0.6,0
1489,0.77,0.01,0.63,0
1490,0.79,-0.01,0.62,0
1491,0.76,0.01,0.63,0
1492,0.77,0.01,0.62,0
1493,0.76,0.0,0.61,0
1494,0.77,0.01,0.62,0
1495,0.76,0.01,0.63,0
1496,0.76,0.01,0.63,0
1497,0.75,0.02,0.68,0
1498,0.83,0.0,0.61,0
1499,0.73,0.01,0.66,0
1500,0.76,0.02,0.71,0
1501,0.8,0.0,0.68,0
1502,0.79,-0.01,0.57,0
1503,0.76,0.01,0.57,0
1504,0.77,0.01,0.59,0
1505,0.77,0.01,0.61,0
1506,0.81,0.0,0.62,0
1507,0.8,0.0,0.63,0
1508,0.78,0.0,0.62,0
1509,0.78,0.01,0.61,0
1510,0.77,0.0,0.61,0
1511,0.77,0.0,0.61,0
1512,0.78,0.01,0.61,0
1513,0.78,0.01,0.61,0
1514,0.78,0.0,0.61,0
1515,0.77,0.01,0.61,0
1516,0.78,0.0,0.61,0
1517,0.78,0.0,0.61,0
1518,0.77,0.01,0.61,0
1519,0.77,0.01,0.61,0
1520,0.77,0.0,0.61,0
1521,0.78,0.01,0.62,0
1522,0.78,0.01,0.62,0
1523,0.76,0.0,0.62,0
1524,0.77,0.0,0.61,0
1525,0.77,0.0,0.61,1
1526,0.77,0.0,0.62,1
1527,0.77,0.0,0.61,1
1528,0.77,0.0,0.62,1
1529,0.77,0.0,0.62,1
1530,0.77,0.0,0.62,1
1531,0.77,0.0,0.62,1
1532,0.77,0.0,0.61,1
1533,0.77,0.0,0.62,1
1534,0.77,0.0,0.61,1
1535,0.78,0.0,0.62,1
1536,0.77,0.0,0.61,1
1537,0.78,0.0,0.62,1
1538,0.78,0.0,0.63,1
1539,0.77,0.0,0.63,1
1540,0.77,0.0,0.61,1
1541,0.79,0.01,0.61,1
1542,0.78,0.01,0.63,1
1543,0.77,0.0,0.63,1
1544,0.78,0.01,0.67,1
1545,0.79,-0.04,0.74,1
1546,0.85,0.02,0.78,1
1547,0.85,-0.09,0.95,1
1548,1.0,-0.21,1.24,1
1549,1.18,-0.28,1.27,1
1550,1.26,-0.32,1.17,1
1551,1.23,-0.4,1.02,1
1552,1.04,-0.39,0.79,1
1553,0.79,-0.27,0.52,1
1554,0.45,-0.16,0.27,1
1555,0.26,-0.01,0.24,1
1556,-0.08,0.21,0.22,1
1557,-0.25,0.32,0.25,1
1558,-0.3,0.38,0.23,1
1559,-0.17,0.39,0.26,1
1560,0.06,0.49,0.36,1
1561,0.32,0.51,0.3,1
1562,1.03,0.55,0.62,1
1563,1.35,0.59,0.68,1
1564,1.93,0.21,0.79,1
1565,1.8,0.06,0.84,1
1566,2.17,-0.35,1.22,1
1567,1.87,0.09,1.84,1
1568,1.63,0.3,2.04,1
1569,1.45,0.48,1.62,1
1570,1.51,0.55,1.24,1
1571,1.28,0.49,0.96,1
1572,0.97,0.31,0.57,1
1573,0.46,0.11,0.29,1
1574,0.02,-0.11,0.04,1
1575,0.05,-0.24,-0.23,1
1576,-0.07,-0.32,-0.42,1
1577,0.01,-0.34,-0.55,1
1578,0.03,-0.24,-0.62,1
1579,0.13,-0.18,-0.54,1
1580,0.24,-0.1,-0.35,1
1581,0.62,-0.01,0.0,1
1582,0.93,0.17,0.87,1
1583,1.22,0.21,1.32,1
1584,1.28,0.28,1.37,1
1585,1.12,0.37,1.47,1
1586,1.3,0.37,1.4,1
1587,0.98,0.37,1.34,1
1588,0.93,0.23,1.12,1
1589,0.81,0.12,0.75,1
1590,0.83,0.02,0.6,1
1591,0.78,-0.03,0.53,1
1592,0.76,0.0,0.57,1
1593,0.85,-0.02,0.57,1
1594,0.8,-0.02,0.59,1
1595,0.84,-0.05,0.56,1
1596,0.81,-0.04,0.52,1
1597,0.84,-0.04,0.55,1
1598,0.84,-0.01,0.54,1
1599,0.86,-0.02,0.54,1
1600,0.85,-0.03,0.54,1
1601,0.85,-0.02,0.55,1
1602,0.84,-0.02,0.54,1
1603,0.85,-0.04,0.58,1
1604,0.84,-0.02,0.57,1
1605,0.84,-0.02,0.59,1
1606,0.75,0.01,0.54,1
1607,0.8,0.0,0.57,1
1608,0.85,-0.03,0.58,1
1609,0.83,-0.03,0.6,1
1610,0.84,-0.03,0.6,1
1611,0.81,-0.05,0.55,1
1612,0.8,-0.01,0.55,1
1613,0.83,0.01,0.61,1
1614,0.82,-0.01,0.58,1
1615,0.78,-0.05,0.54,1
1616,0.81,0.0,0.59,1
1617,0.83,-0.01,0.65,1
1618,0.81,0.0,0.63,1
1619,0.85,-0.02,0.53,1
1620,0.81,0.0,0.52,1
1621,0.79,-0.01,0.57,1
1622,0.81,-0.01,0.57,1
1623,0.84,-0.01,0.58,1
1624,0.83,-0.02,0.58,1
1625,0.84,-0.03,0.58,0
1626,0.83,-0.02,0.59,0
1627,0.82,-0.02,0.58,0
1628,0.81,-0.02,0.58,0
1629,0.8,-0.02,0.56,0
1630,0.83,-0.01,0.54,0
1631,0.84,-0.02,0.57,0
1632,0.81,-0.04,0.58,0
1633,0.83,-0.04,0.58,0
1634,0.81,-0.03,0.58,0
1635,0.82,-0.03,0.56,0
1636,0.83,-0.03,0.56,0
1637,0.82,-0.03,0.57,0
1638,0.83,-0.02,0.58,0
1639,0.84,-0.03,0.58,0
1640,0.81,-0.04,0.57,0
1641,0.82,-0.02,0.56,0
1642,0.83,-0.02,0.57,0
1643,0.82,-0.02,0.58,0
1644,0.82,-0.03,0.57,0
1645,0.84,-0.02,0.56,0
1646,0.82,-0.03,0.58,0
1647,0.83,-0.02,0.58,0
1648,0.83,-0.03,0.58,0
1649,0.83,-0.03,0.56,0
1650,0.82,-0.03,0.56,0
1651,0.83,-0.04,0.57,0
1652,0.81,-0.03,0.58,0
1653,0.83,-0.03,0.57,0
1654,0.83,-0.03,0.58,0
1655,0.82,-0.02,0.57,0
1656,0.82,-0.03,0.56,0
1657,0.82,-0.03,0.57,0
1658,0.83,-0.02,0.57,0
1659,0.82,-0.03,0.58,0
1660,0.83,-0.04,0.58,0
1661,0.83,-0.03,0.57,0
1662,0.83,-0.03,0.58,0
1663,0.81,-0.04,0.56,0
1664,0.84,-0.02,0.57,0
1665,0.82,-0.02,0.58,0
1666,0.81,-0.03,0.57,0
1667,0.81,-0.02,0.57,0
1668,0.83,-0.03,0.57,0
1669,0.82,-0.03,0.58,0
1670,0.81,-0.03,0.58,0
1671,0.83,-0.03,0.57,0
1672,0.82,-0.03,0.58,0
1673,0.82,-0.02,0.58,0
1674,0.81,-0.03,0.57,0
1675,0.82,-0.03,0.58,0
1676,0.81,-0.03,0.58,0
1677,0.83,-0.03,0.58,0
1678,0.82,-0.03,0.59,0
1679,0.82,-0.04,0.58,0
1680,0.82,-0.03,0.57,0
1681,0.82,-0.03,0.58,0
1682,0.82,-0.03,0.58,0
1683,0.82,-0.03,0.58,0
1684,0.82,-0.03,0.58,0
1685,0.8,-0.03,0.58,0
1686,0.82,-0.03,0.58,0
1687,0.82,-0.03,0.58,0
1688,0.82,-0.03,0.59,0
1689,0.82,-0.03,0.58,0
1690,0.82,-0.04,0.58,0
1691,0.8,-0.03,0.57,0
1692,0.81,-0.04,0.58,0
1693,0.81,-0.03,0.59,0
1694,0.81,-0.03,0.58,0
1695,0.82,-0.04,0.59,0
1696,0.81,-0.03,0.59,0
1697,0.81,-0.03,0.58,0
1698,0.81,-0.03,0.59,0
1699,0.81,-0.04,0.58,0
1700,0.81,-0.03,0.58,0
1701,0.81,-0.04,0.59,0
1702,0.81,-0.03,0.59,0
1703,0.79,-0.03,0.59,0
1704,0.81,-0.03,0.59,0
1705,0.81,-0.03,0.59,0
1706,0.8,-0.04,0.6,0
1707,0.81,-0.04,0.59,0
1708,0.8,-0.04,0.59,0
1709,0.79,-0.04,0.59,0
1710,0.8,-0.04,0.59,0
1711,0.8,-0.04,0.59,0
1712,0.8,-0.04,0.59,0
1713,0.8,-0.05,0.59,0
1714,0.81,-0.04,0.6,0
1715,0.81,-0.04,0.59,0
1716,0.79,-0.04,0.59,0
1717,0.79,-0.04,0.59,0
1718,0.81,-0.04,0.59,0
1719,0.8,-0.04,0.6,0
1720,0.79,-0.04,0.59,0
1721,0.81,-0.04,0.59,0
1722,0.8,-0.04,0.6,0
1723,0.8,-0.04,0.6,0
1724,0.8,-0.05,0.59,0
1725,0.82,-0.04,0.58,0
1726,0.79,-0.03,0.59,0
1727,0.79,-0.04,0.59,0
1728,0.78,-0.03,0.6,0
1729,0.81,-0.05,0.59,0
1730,0.78,-0.04,0.6,0
1731,0.8,-0.02,0.6,0
1732,0.83,-0.05,0.62,0
1733,0.79,-0.06,0.61,0
1734,0.8,-0.04,0.64,0
1735,0.81,-0.02,0.59,0
1736,0.81,-0.05,0.55,0
1737,0.77,-0.03,0.58,0
1738,0.81,-0.03,0.59,0
1739,0.81,-0.03,0.6,0
1740,0.81,-0.04,0.59,0
1741,0.81,-0.04,0.59,0
1742,0.81,-0.03,0.59,0
1743,0.81,-0.03,0.59,0
1744,0.8,-0.04,0.59,0
1745,0.8,-0.03,0.59,0
1746,0.8,-0.04,0.59,0
1747,0.8,-0.04,0.59,0
1748,0.8,-0.04,0.59,0
1749,0.81,-0.04,0.59,0
1750,0.8,-0.04,0.59,1
1751,0.81,-0.04,0.59,1
1752,0.81,-0.04,0.59,1
1753,0.8,-0.03,0.6,1
1754,0.8,-0.04,0.58,1
1755,0.81,-0.04,0.59,1
1756,0.79,-0.05,0.6,1
1757,0.8,-0.04,0.59,1
1758,0.82,-0.04,0.59,1
1759,0.8,-0.04,0.59,1
1760,0.8,-0.04,0.59,1
1761,0.81,-0.04,0.59,1
1762,0.8,-0.04,0.59,1
1763,0.81,-0.04,0.59,1
1764,0.82,-0.04,0.59,1
1765,0.79,-0.04,0.58,1
1766,0.81,-0.04,0.58,1
1767,0.81,-0.04,0.59,1
1768,0.81,-0.04,0.64,1
1769,0.86,-0.03,0.71,1
1770,0.87,-0.13,0.8,1
1771,0.85,-0.09,1.06,1
1772,1.05,-0.21,1.3,1
1773,1.24,-0.32,1.4,1
1774,1.48,-0.33,1.15,1
1775,1.34,-0.35,0.87,1
1776,1.0,-0.33,0.58,1
1777,0.78,-0.25,0.36,1
1778,0.39,-0.13,0.22,1
1779,-0.02,0.0,0.21,1
1780,-0.13,0.15,0.16,1
1781,-0.29,0.31,0.13,1
1782,-0.24,0.33,0.17,1
1783,-0.24,0.43,0.23,1
1784,-0.04,0.6,0.27,1
1785,0.44,0.67,0.49,1
1786,1.08,0.65,0.72,1
1787,1.78,0.5,0.85,1
1788,1.95,0.17,0.9,1
1789,1.88,-0.28,0.91,1
1790,1.8,-0.27,1.2,1
1791,1.54,-0.05,1.68,1
1792,1.49,0.19,1.89,1
1793,1.49,0.44,1.72,1
1794,1.46,0.47,1.33,1
1795,1.23,0.37,0.9,1
1796,0.93,0.1,0.53,1
1797,0.49,-0.07,0.29,1
1798,0.23,-0.19,0.11,1
1799,0.04,-0.26,-0.03,1
1800,-0.04,-0.33,-0.16,1
1801,-0.21,-0.31,-0.31,1
1802,-0.16,-0.39,-0.45,1
1803,-0.08,-0.34,-0.49,1
1804,0.24,-0.25,-0.45,1
1805,0.48,-0.15,-0.3,1
1806,0.68,-0.05,0.17,1
1807,0.99,0.23,1.02,1
1808,1.28,0.23,1.39,1
1809,1.2,0.36,1.52,1
1810,1.34,0.29,1.5,1
1811,1.11,0.37,1.51,1
1812,0.97,0.3,1.29,1
1813,0.78,0.16,0.98,1
1814,0.73,0.07,0.73,1
1815,0.73,0.02,0.57,1
1816,0.77,-0.04,0.54,1
1817,0.75,-0.01,0.59,1
1818,0.85,-0.04,0.61,1
1819,0.85,-0.05,0.6,1
1820,0.85,-0.08,0.59,1
1821,0.85,-0.07,0.52,1
1822,0.85,-0.06,0.55,1
1823,0.84,-0.06,0.56,1
1824,0.83,-0.04,0.56,1
1825,0.84,-0.04,0.55,1
1826,0.84,-0.05,0.54,1
1827,0.84,-0.03,0.54,1
1828,0.85,-0.05,0.55,1
1829,0.82,-0.02,0.57,1
1830,0.87,-0.06,0.56,1
1831,0.81,-0.04,0.57,1
1832,0.84,-0.02,0.57,1
1833,0.85,-0.06,0.58,1
1834,0.84,-0.03,0.59,1
1835,0.83,-0.05,0.53,1
1836,0.75,-0.01,0.6,1
1837,0.83,-0.04,0.59,1
1838,0.77,0.0,0.65,1
1839,0.8,0.0,0.68,1
1840,0.82,-0.08,0.7,1
1841,0.83,-0.02,0.57,1
1842,0.77,-0.07,0.49,1
1843,0.77,0.02,0.58,1
1844,0.77,-0.03,0.66,1
1845,0.78,0.02,0.63,1
1846,0.77,-0.02,0.69,1
1847,0.77,-0.02,0.71,1
1848,0.8,-0.02,0.54,1
1849,0.78,-0.03,0.54,1
1850,0.79,-0.01,0.58,0
1851,0.78,-0.02,0.6,0
1852,0.82,-0.01,0.6,0
1853,0.81,-0.01,0.59,0
1854,0.82,-0.02,0.6,0
1855,0.82,-0.02,0.59,0
1856,0.8,-0.03,0.57,0
1857,0.8,-0.02,0.57,0
1858,0.81,-0.02,0.58,0
1859,0.82,-0.02,0.59,0
1860,0.82,-0.04,0.6,0
1861,0.81,-0.03,0.59,0
1862,0.81,-0.03,0.58,0
1863,0.81,-0.02,0.58,0
1864,0.81,-0.02,0.58,0
1865,0.82,-0.03,0.58,0
1866,0.82,-0.03,0.59,0
1867,0.81,-0.04,0.59,0
1868,0.81,-0.04,0.58,0
1869,0.81,-0.03,0.58,0
1870,0.81,-0.03,0.57,0
1871,0.82,-0.03,0.58,0
1872,0.81,-0.04,0.58,0
1873,0.83,-0.04,0.59,0
1874,0.82,-0.04,0.58,0
1875,0.82,-0.03,0.58,0
1876,0.81,-0.02,0.58,0
1877,0.79,-0.02,0.56,0
1878,0.82,-0.04,0.56,0
1879,0.83,-0.04,0.58,0
1880,0.83,-0.04,0.59,0
1881,0.83,-0.04,0.59,0
1882,0.82,-0.03,0.59,0
1883,0.83,-0.03,0.58,0
1884,0.83,-0.04,0.58,0
1885,0.81,-0.03,0.57,0
1886,0.81,-0.03,0.56,0
1887,0.83,-0.04,0.57,0
1888,0.82,-0.04,0.58,0
1889,0.83,-0.04,0.58,0
1890,0.83,-0.04,0.58,0
1891,0.81,-0.04,0.59,0
1892,0.82,-0.04,0.58,0
1893,0.83,-0.03,0.57,0
1894,0.82,-0.03,0.58,0
1895,0.81,-0.04,0.58,0
1896,0.82,-0.03,0.59,0
1897,0.82,-0.03,0.58,0
1898,0.81,-0.04,0.58,0
1899,0.82,-0.03,0.59,0
1900,0.83,-0.04,0.59,0
1901,0.81,-0.03,0.59,0
1902,0.8,-0.04,0.59,0
1903,0.81,-0.03,0.58,0
1904,0.81,-0.03,0.58,0
1905,0.8,-0.03,0.58,0
1906,0.81,-0.04,0.59,0
1907,0.81,-0.04,0.59,0
1908,0.81,-0.04,0.58,0
1909,0.8,-0.04,0.58,0
1910,0.82,-0.04,0.58,0
1911,0.81,-0.04,0.59,0
1912,0.81,-0.04,0.59,0
1913,0.81,-0.04,0.58,0
1914,0.81,-0.04,0.58,0
1915,0.83,-0.04,0.58,0
1916,0.83,-0.04,0.59,0
1917,0.81,-0.05,0.59,0
1918,0.82,-0.05,0.58,0
1919,0.83,-0.04,0.58,0
1920,0.82,-0.04,0.59,0
1921,0.8,-0.04,0.58,0
1922,0.83,-0.03,0.58,0
1923,0.81,-0.04,0.59,0
1924,0.81,-0.04,0.58,0
1925,0.81,-0.04,0.58,0
1926,0.82,-0.04,0.58,0
1927,0.81,-0.04,0.59,0
1928,0.81,-0.04,0.59,0
1929,0.82,-0.04,0.59,0
1930,0.8,-0.04,0.59,0
1931,0.81,-0.04,0.59,0
1932,0.81,-0.04,0.59,0
1933,0.81,-0.04,0.59,0
1934,0.81,-0.04,0.59,0
1935,0.8,-0.04,0.59,0
1936,0.8,-0.04,0.58,0
1937,0.81,-0.04,0.59,0
1938,0.82,-0.05,0.59,0
1939,0.81,-0.04,0.59,0
1940,0.8,-0.04,0.6,0
1941,0.81,-0.05,0.59,0
1942,0.79,-0.04,0.58,0
1943,0.79,-0.04,0.59,0
1944,0.81,-0.04,0.59,0
1945,0.8,-0.04,0.59,0
1946,0.8,-0.04,0.59,0
1947,0.81,-0.04,0.6,0
1948,0.8,-0.04,0.59,0
1949,0.79,-0.04,0.59,0
1950,0.81,-0.04,0.6,0
1951,0.8,-0.05,0.59,0
1952,0.79,-0.04,0.59,0
1953,0.8,-0.05,0.59,0
1954,0.79,-0.04,0.59,0
1955,0.81,-0.04,0.59,0
1956,0.81,-0.04,0.6,0
1957,0.8,-0.05,0.6,0
1958,0.79,-0.04,0.59,0
1959,0.82,-0.04,0.59,0
1960,0.8,-0.05,0.59,0
1961,0.79,-0.04,0.59,0
1962,0.8,-0.05,0.6,0
1963,0.8,-0.04,0.59,0
1964,0.79,-0.05,0.6,0
1965,0.79,-0.04,0.59,0
1966,0.8,-0.03,0.65,0
1967,0.8,-0.1,0.53,0
1968,0.77,-0.01,0.59,0
1969,0.8,-0.03,0.68,0
1970,0.84,-0.02,0.66,0
1971,0.78,-0.08,0.61,0
1972,0.83,-0.03,0.56,0
1973,0.79,-0.05,0.62,0
1974,0.78,-0.05,0.59,0
1975,0.79,-0.02,0.56,0
1976,0.79,-0.03,0.59,0
1977,0.8,-0.04,0.6,0
1978,0.81,-0.04,0.59,0
1979,0.79,-0.04,0.59,0
1980,0.81,-0.04,0.6,0
1981,0.8,-0.04,0.59,0
1982,0.8,-0.04,0.59,0
1983,0.79,-0.04,0.6,0
1984,0.8,-0.04,0.6,0
1985,0.79,-0.05,0.6,0
1986,0.79,-0.04,0.59,0
1987,0.79,-0.04,0.6,0
1988,0.79,-0.04,0.61,0
1989,0.79,-0.04,0.6,0
1990,0.8,-0.04,0.6,0
1991,0.8,-0.04,0.6,0
1992,0.79,-0.04,0.59,0
1993,0.79,-0.04,0.6,0
1994,0.79,-0.04,0.6,0
1995,0.79,-0.04,0.6,0
1996,0.81,-0.04,0.6,0
1997,0.8,-0.04,0.61,0
1998,0.79,-0.04,0.6,0
1999,0.79,-0.05,0.6,0
2000,0.79,-0.04,0.6,1
2001,0.78,-0.04,0.6,1
2002,0.79,-0.04,0.59,1
2003,0.8,-0.04,0.6,1
2004,0.79,-0.04,0.6,1
2005,0.8,-0.05,0.59,1
2006,0.79,-0.04,0.6,1
2007,0.79,-0.04,0.59,1
2008,0.79,-0.04,0.59,1
2009,0.79,-0.04,0.6,1
2010,0.8,-0.04,0.6,1
2011,0.79,-0.05,0.59,1
2012,0.81,-0.05,0.6,1
2013,0.81,-0.04,0.6,1
2014,0.79,-0.04,0.6,1
2015,0.79,-0.04,0.6,1
2016,0.79,-0.04,0.59,1
2017,0.8,-0.04,0.59,1
2018,0.79,-0.03,0.63,1
2019,0.85,-0.06,0.74,1
2020,0.9,-0.07,0.79,1
2021,0.86,-0.12,1.06,1
2022,1.03,-0.19,1.35,1
2023,1.27,-0.32,1.45,1
2024,1.49,-0.37,1.27,1
2025,1.4,-0.37,0.93,1
2026,1.03,-0.29,0.58,1
2027,0.76,-0.23,0.35,1
2028,0.25,-0.12,0.19,1
2029,-0.12,-0.07,0.17,1
2030,-0.27,0.1,0.14,1
2031,-0.39,0.21,0.19,1
2032,-0.43,0.32,0.1,1
2033,-0.26,0.5,0.18,1
2034,-0.06,0.74,0.15,1
2035,0.51,0.89,0.35,1
2036,0.98,1.04,0.53,1
2037,1.99,0.66,1.15,1
2038,2.03,0.4,1.36,1
2039,2.34,-0.31,1.65,1
2040,1.79,0.02,1.99,1
2041,1.22,0.2,2.16,1
2042,1.11,0.47,1.84,1
2043,1.25,0.49,1.52,1
2044,1.21,0.47,1.08,1
2045,0.93,0.33,0.67,1
2046,0.44,0.08,0.27,1
2047,0.25,-0.16,0.0,1
2048,0.2,-0.34,-0.16,1
2049,-0.1,-0.46,-0.25,1
2050,-0.05,-0.41,-0.32,1
2051,-0.13,-0.4,-0.39,1
2052,-0.14,-0.39,-0.38,1
2053,-0.02,-0.36,-0.34,1
2054,0.33,-0.2,-0.33,1
2055,0.61,-0.11,-0.09,1
2056,0.97,0.18,0.39,1
2057,1.31,0.3,1.21,1
2058,1.46,0.5,1.7,1
2059,1.49,0.38,1.61,1
2060,1.29,0.38,1.51,1
2061,1.0,0.34,1.35,1
2062,0.77,0.23,1.01,1
2063,0.8,0.08,0.71,1
2064,0.79,-0.02,0.55,1
2065,0.77,-0.04,0.48,1
2066,0.71,-0.02,0.5,1
2067,0.87,0.0,0.56,1
2068,0.9,-0.06,0.57,1
2069,0.82,-0.11,0.56,1
2070,0.85,-0.09,0.5,1
2071,0.85,-0.06,0.53,1
2072,0.84,-0.06,0.56,1
2073,0.84,-0.05,0.54,1
2074,0.86,-0.07,0.53,1
2075,0.85,-0.05,0.54,1
2076,0.84,-0.06,0.53,1
2077,0.83,-0.05,0.58,1
2078,0.82,-0.05,0.58,1
2079,0.85,-0.09,0.55,1
2080,0.79,0.0,0.59,1
2081,0.79,-0.12,0.59,1
2082,0.84,-0.03,0.58,1
2083,0.85,-0.06,0.61,1
2084,0.82,-0.05,0.66,1
2085,0.79,-0.08,0.6,1
2086,0.79,-0.09,0.49,1
2087,0.73,0.0,0.58,1
2088,0.81,-0.06,0.59,1
2089,0.81,-0.05,0.59,1
2090,0.81,-0.05,0.61,1
2091,0.82,-0.08,0.6,1
2092,0.82,-0.04,0.58,1
2093,0.83,-0.05,0.57,1
2094,0.83,-0.05,0.58,1
2095,0.83,-0.06,0.58,1
2096,0.81,-0.06,0.57,1
2097,0.83,-0.06,0.58,1
2098,0.84,-0.06,0.58,1
2099,0.83,-0.06,0.57,1
2100,0.79,-0.05,0.57,0
2101,0.81,-0.04,0.57,0
2102,0.81,-0.06,0.58,0
2103,0.8,-0.09,0.59,0
2104,0.83,-0.07,0.58,0
2105,0.83,-0.08,0.58,0
2106,0.81,-0.09,0.58,0
2107,0.83,-0.08,0.58,0
2108,0.83,-0.08,0.58,0
2109,0.82,-0.07,0.58,0
2110,0.81,-0.06,0.58,0
2111,0.81,-0.06,0.56,0
2112,0.82,-0.06,0.56,0
2113,0.82,-0.06,0.58,0
2114,0.83,-0.07,0.59,0
2115,0.84,-0.07,0.58,0
2116,0.83,-0.07,0.57,0
2117,0.82,-0.07,0.57,0
2118,0.83,-0.06,0.56,0
2119,0.82,-0.07,0.57,0
2120,0.83,-0.08,0.57,0
2121,0.83,-0.07,0.56,0
2122,0.84,-0.07,0.57,0
2123,0.83,-0.07,0.58,0
2124,0.82,-0.07,0.57,0
2125,0.83,-0.07,0.56,0
2126,0.82,-0.08,0.56,0
2127,0.83,-0.07,0.57,0
2128,0.83,-0.08,0.57,0
2129,0.83,-0.07,0.56,0
2130,0.84,-0.07,0.56,0
2131,0.83,-0.08,0.57,0
2132,0.83,-0.07,0.56,0
2133,0.84,-0.07,0.56,0
2134,0.84,-0.08,0.56,0
2135,0.83,-0.07,0.56,0
2136,0.83,-0.07,0.55,0
2137,0.84,-0.08,0.56,0
2138,0.84,-0.08,0.56,0
2139,0.84,-0.07,0.55,0
2140,0.83,-0.08,0.56,0
2141,0.83,-0.08,0.56,0
2142,0.84,-0.08,0.55,0
2143,0.84,-0.08,0.54,0
2144,0.82,-0.08,0.56,0
2145,0.83,-0.09,0.56,0
2146,0.84,-0.08,0.55,0
2147,0.84,-0.08,0.56,0
2148,0.83,-0.09,0.56,0
2149,0.85,-0.09,0.56,0
2150,0.85,-0.09,0.55,0
2151,0.83,-0.08,0.56,0
2152,0.84,-0.08,0.54,0
2153,0.84,-0.08,0.55,0
2154,0.81,-0.08,0.55,0
2155,0.84,-0.08,0.55,0
2156,0.84,-0.09,0.55,0
2157,0.84,-0.08,0.55,0
2158,0.84,-0.09,0.56,0
2159,0.84,-0.09,0.55,0
2160,0.84,-0.08,0.56,0
2161,0.84,-0.09,0.56,0
2162,0.82,-0.08,0.55,0
2163,0.83,-0.08,0.53,0
2164,0.82,-0.07,0.56,0
2165,0.85,-0.09,0.58,0
2166,0.85,-0.08,0.57,0
2167,0.85,-0.1,0.56,0
2168,0.84,-0.06,0.52,0
2169,0.8,-0.06,0.55,0
2170,0.84,-0.08,0.57,0
2171,0.83,-0.05,0.59,0
2172,0.84,-0.1,0.6,0
2173,0.84,-0.04,0.56,0
2174,0.81,-0.08,0.59,0
2175,0.81,-0.04,0.61,0
2176,0.83,-0.1,0.59,0
2177,0.82,-0.07,0.52,0
2178,0.83,-0.07,0.52,0
2179,0.83,-0.06,0.58,0
2180,0.83,-0.08,0.59,0
2181,0.83,-0.07,0.55,0
2182,0.84,-0.07,0.55,0
2183,0.83,-0.08,0.56,0
2184,0.83,-0.07,0.56,0
2185,0.82,-0.06,0.56,0
2186,0.83,-0.07,0.56,0
2187,0.83,-0.08,0.56,0
2188,0.83,-0.07,0.56,0
2189,0.83,-0.08,0.58,0
2190,0.83,-0.08,0.58,0
2191,0.84,-0.07,0.57,0
2192,0.83,-0.08,0.57,0
2193,0.83,-0.08,0.57,0
2194,0.82,-0.07,0.57,0
2195,0.84,-0.07,0.57,0
2196,0.83,-0.08,0.56,0
2197,0.82,-0.07,0.56,0
2198,0.83,-0.07,0.57,0
2199,0.83,-0.07,0.57,0
2200,0.83,-0.08,0.57,1
2201,0.83,-0.08,0.57,1
2202,0.83,-0.08,0.57,1
2203,0.83,-0.07,0.57,1
2204,0.83,-0.08,0.56,1
2205,0.82,-0.07,0.57,1
2206,0.83,-0.07,0.57,1
2207,0.82,-0.07,0.57,1
2208,0.83,-0.07,0.57,1
2209,0.84,-0.07,0.57,1
2210,0.83,-0.08,0.57,1
2211,0.82,-0.07,0.56,1
2212,0.84,-0.08,0.56,1
2213,0.83,-0.08,0.57,1
2214,0.82,-0.07,0.56,1
2215,0.84,-0.07,0.56,1
2216,0.83,-0.08,0.59,1
2217,0.85,-0.06,0.65,1
2218,0.87,-0.07,0.67,1
2219,0.82,-0.06,0.78,1
2220,0.93,-0.11,1.02,1
2221,1.12,-0.24,1.39,1
2222,1.46,-0.39,1.51,1
2223,1.72,-0.47,1.24,1
2224,1.52,-0.48,0.86,1
2225,1.3,-0.34,0.39,1
2226,0.71,-0.16,0.11,1
2227,0.23,0.09,0.04,1
2228,-0.26,0.3,0.01,1
2229,-0.49,0.36,0.02,1
2230,-0.54,0.44,-0.01,1
2231,-0.39,0.52,0.05,1
2232,-0.28,0.74,0.09,1
2233,0.25,0.82,0.35,1
2234,0.87,0.87,0.53,1
2235,1.66,0.78,0.89,1
2236,1.97,0.49,0.9,1
2237,2.26,0.25,1.01,1
2238,2.04,-0.19,1.24,1
2239,2.08,-0.18,1.55,1
2240,1.62,-0.09,1.85,1
2241,1.54,0.13,1.66,1
2242,1.53,0.28,1.36,1
2243,1.36,0.37,1.11,1
2244,1.07,0.24,0.75,1
2245,0.72,0.06,0.41,1
2246,0.29,-0.09,0.12,1
2247,0.09,-0.21,-0.04,1
2248,0.01,-0.28,-0.2,1
2249,-0.28,-0.37,-0.31,1
2250,-0.21,-0.27,-0.52,1
2251,-0.07,-0.27,-0.55,1
2252,0.07,-0.09,-0.55,1
2253,0.32,-0.02,-0.49,1
2254,0.57,0.11,-0.17,1
2255,0.96,0.33,0.52,1
2256,1.29,0.37,1.2,1
2257,1.49,0.52,1.65,1
2258,1.52,0.44,1.63,1
2259,1.36,0.4,1.55,1
2260,1.05,0.34,1.35,1
2261,0.94,0.2,1.06,1
2262,0.82,0.1,0.8,1
2263,0.85,0.03,0.61,1
2264,0.83,-0.01,0.51,1
2265,0.84,-0.02,0.48,1
2266,0.83,-0.04,0.47,1
2267,0.77,-0.04,0.47,1
2268,0.83,-0.05,0.48,1
2269,0.86,-0.04,0.5,1
2270,0.86,-0.05,0.52,1
2271,0.86,-0.04,0.52,1
2272,0.85,-0.05,0.53,1
2273,0.87,-0.07,0.5,1
2274,0.85,-0.04,0.52,1
2275,0.86,-0.05,0.53,1
2276,0.84,-0.03,0.5,1
2277,0.8,-0.02,0.56,1
2278,0.87,-0.07,0.57,1
2279,0.78,0.01,0.59,1
2280,0.84,-0.06,0.59,1
2281,0.83,-0.05,0.58,1
2282,0.81,-0.06,0.59,1
2283,0.86,-0.01,0.59,1
2284,0.83,-0.14,0.49,1
2285,0.82,0.02,0.45,1
2286,0.83,-0.07,0.57,1
2287,0.86,0.0,0.58,1
2288,0.85,-0.03,0.59,1
2289,0.85,-0.02,0.6,1
2290,0.85,-0.04,0.53,1
2291,0.85,-0.05,0.49,1
2292,0.84,-0.02,0.51,1
2293,0.85,-0.02,0.52,1
2294,0.85,-0.03,0.53,1
2295,0.85,-0.03,0.54,1
2296,0.85,-0.04,0.55,1
2297,0.86,-0.04,0.53,1
2298,0.84,-0.04,0.53,1
2299,0.85,-0.03,0.53,1
2300,0.84,-0.04,0.54,0
2301,0.82,-0.04,0.53,0
2302,0.84,-0.05,0.54,0
2303,0.84,-0.05,0.54,0
2304,0.84,-0.05,0.56,0
2305,0.85,-0.04,0.57,0
2306,0.84,-0.06,0.56,0
2307,0.84,-0.05,0.54,0
2308,0.85,-0.04,0.53,0
2309,0.83,-0.04,0.55,0
2310,0.84,-0.04,0.56,0
2311,0.85,-0.05,0.55,0
2312,0.84,-0.05,0.54,0
2313,0.85,-0.04,0.53,0
2314,0.84,-0.04,0.53,0
2315,0.84,-0.04,0.54,0
2316,0.84,-0.04,0.54,0
2317,0.85,-0.05,0.53,0
2318,0.85,-0.05,0.54,0
2319,0.85,-0.05,0.53,0
2320,0.85,-0.05,0.52,0
2321,0.85,-0.04,0.53,0
2322,0.85,-0.05,0.53,0
2323,0.85,-0.04,0.53,0
2324,0.85,-0.04,0.53,0
2325,0.85,-0.05,0.54,0
2326,0.85,-0.05,0.52,0
2327,0.85,-0.04,0.51,0
2328,0.85,-0.04,0.53,0
2329,0.85,-0.04,0.53,0
2330,0.85,-0.04,0.52,0
2331,0.85,-0.04,0.53,0
2332,0.85,-0.05,0.53,0
2333,0.85,-0.05,0.53,0
2334,0.85,-0.05,0.52,0
2335,0.85,-0.05,0.53,0
2336,0.85,-0.05,0.52,0
2337,0.85,-0.05,0.52,0
2338,0.85,-0.05,0.52,0
2339,0.85,-0.05,0.52,0
2340,0.85,-0.05,0.53,0
2341,0.85,-0.05,0.52,0
2342,0.85,-0.05,0.51,0
2343,0.86,-0.05,0.52,0
2344,0.85,-0.05,0.53,0
2345,0.85,-0.06,0.52,0
2346,0.85,-0.05,0.53,0
2347,0.85,-0.05,0.52,0
2348,0.85,-0.05,0.52,0
2349,0.85,-0.05,0.52,0
2350,0.85,-0.05,0.53,0
2351,0.85,-0.05,0.51,0
2352,0.85,-0.05,0.51,0
2353,0.85,-0.05,0.51,0
2354,0.86,-0.05,0.52,0
2355,0.86,-0.05,0.53,0
2356,0.85,-0.06,0.53,0
2357,0.85,-0.06,0.52,0
2358,0.85,-0.06,0.51,0
2359,0.85,-0.05,0.51,0
2360,0.85,-0.05,0.51,0
2361,0.85,-0.05,0.52,0
2362,0.85,-0.06,0.52,0
2363,0.85,-0.05,0.52,0
2364,0.85,-0.05,0.51,0
2365,0.85,-0.06,0.52,0
2366,0.85,-0.06,0.52,0
2367,0.85,-0.05,0.51,0
2368,0.86,-0.06,0.52,0
2369,0.85,-0.06,0.52,0
2370,0.85,-0.06,0.52,0
2371,0.85,-0.06,0.52,0
2372,0.85,-0.06,0.53,0
2373,0.85,-0.05,0.52,0
2374,0.85,-0.05,0.52,0
2375,0.85,-0.05,0.52,0
2376,0.85,-0.05,0.51,0
2377,0.85,-0.06,0.52,0
2378,0.85,-0.06,0.52,0
2379,0.85,-0.06,0.51,0
2380,0.86,-0.06,0.51,0
2381,0.86,-0.06,0.51,0
2382,0.85,-0.06,0.5,0
2383,0.85,-0.05,0.5,0
2384,0.86,-0.06,0.53,0
2385,0.86,-0.06,0.52,0
2386,0.86,-0.06,0.51,0
2387,0.86,-0.06,0.51,0
2388,0.86,-0.06,0.51,0
2389,0.85,-0.06,0.51,0
2390,0.85,-0.06,0.5,0
2391,0.85,-0.06,0.5,0
2392,0.86,-0.06,0.51,0
2393,0.86,-0.06,0.52,0
2394,0.85,-0.06,0.52,0
2395,0.85,-0.06,0.52,0
2396,0.85,-0.06,0.52,0
2397,0.85,-0.05,0.51,0
2398,0.86,-0.07,0.54,0
2399,0.86,-0.05,0.53,0
2400,0.85,-0.06,0.54,0
2401,0.86,-0.08,0.5,0
2402,0.83,-0.05,0.54,0
2403,0.84,-0.05,0.54,0
2404,0.84,-0.05,0.51,0
2405,0.85,-0.07,0.52,0
2406,0.82,-0.06,0.59,0
2407,0.84,-0.05,0.6,0
2408,0.85,-0.09,0.57,0
2409,0.82,-0.06,0.47,0
2410,0.84,-0.05,0.51,0
2411,0.85,-0.07,0.54,0
2412,0.86,-0.06,0.53,0
2413,0.86,-0.06,0.52,0
2414,0.86,-0.06,0.53,0
2415,0.86,-0.06,0.53,0
2416,0.85,-0.06,0.52,0
2417,0.85,-0.06,0.52,0
2418,0.85,-0.07,0.52,0
2419,0.85,-0.06,0.51,0
2420,0.85,-0.06,0.51,0
2421,0.85,-0.06,0.52,0
2422,0.85,-0.06,0.52,0
2423,0.85,-0.06,0.52,0
2424,0.86,-0.07,0.52,0
2425,0.85,-0.07,0.53,1
2426,0.85,-0.07,0.51,1
2427,0.85,-0.06,0.51,1
2428,0.85,-0.07,0.52,1
2429,0.85,-0.06,0.53,1
2430,0.85,-0.07,0.52,1
2431,0.85,-0.07,0.51,1
2432,0.85,-0.06,0.53,1
2433,0.85,-0.06,0.52,1
2434,0.85,-0.07,0.51,1
2435,0.85,-0.07,0.53,1
2436,0.85,-0.07,0.52,1
2437,0.85,-0.06,0.52,1
2438,0.85,-0.06,0.52,1
2439,0.85,-0.06,0.52,1
2440,0.85,-0.06,0.52,1
2441,0.85,-0.06,0.51,1
2442,0.85,-0.06,0.55,1
2443,0.87,-0.07,0.64,1
2444,0.94,-0.12,0.74,1
2445,0.9,-0.14,1.11,1
2446,1.21,-0.25,1.45,1
2447,1.6,-0.38,1.57,1
2448,1.72,-0.39,1.25,1
2449,1.63,-0.38,0.9,1
2450,1.3,-0.22,0.46,1
2451,0.76,-0.14,0.17,1
2452,0.14,0.05,0.02,1
2453,-0.28,0.23,-0.01,1
2454,-0.51,0.29,-0.06,1
2455,-0.64,0.32,-0.03,1
2456,-0.54,0.38,0.09,1
2457,-0.39,0.63,0.16,1
2458,-0.02,0.87,0.31,1
2459,0.39,0.95,0.45,1
2460,1.58,0.88,1.0,1
2461,1.55,0.52,1.07,1
2462,2.09,0.07,0.98,1
2463,2.3,-0.37,0.97,1
2464,1.94,-0.27,1.34,1
2465,1.8,-0.08,1.87,1
2466,1.55,0.13,1.97,1
2467,1.59,0.31,1.73,1
2468,1.65,0.44,1.49,1
2469,1.36,0.47,0.94,1
2470,0.96,0.27,0.47,1
2471,0.51,0.13,0.05,1
2472,-0.11,0.01,-0.24,1
2473,-0.15,-0.18,-0.45,1
2474,-0.22,-0.24,-0.57,1
2475,-0.33,-0.28,-0.76,1
2476,-0.16,-0.26,-0.83,1
2477,0.02,-0.04,-0.8,1
2478,0.35,0.14,-0.66,1
2479,0.64,0.2,-0.3,1
2480,1.03,0.41,0.62,1
2481,1.37,0.49,1.73,1
2482,1.51,0.27,1.75,1
2483,1.48,0.25,1.53,1
2484,1.37,0.25,1.39,1
2485,1.19,0.23,1.26,1
2486,0.88,0.11,1.03,1
2487,0.84,0.02,0.79,1
2488,0.78,0.0,0.54,1
2489,0.87,-0.04,0.48,1
2490,0.86,-0.07,0.5,1
2491,0.86,-0.08,0.55,1
2492,0.85,-0.04,0.59,1
2493,0.82,-0.03,0.59,1
2494,0.88,-0.03,0.52,1
2495,0.87,-0.1,0.48,1
2496,0.87,-0.08,0.49,1
2497,0.85,-0.07,0.5,1
2498,0.86,-0.07,0.5,1
2499,0.86,-0.05,0.5,1
2500,0.87,-0.06,0.51,1
2501,0.85,-0.06,0.52,1
2502,0.85,-0.06,0.51,1
2503,0.85,-0.06,0.51,1
2504,0.85,-0.06,0.52,1
2505,0.85,-0.06,0.53,1
2506,0.85,-0.07,0.53,1
2507,0.85,-0.05,0.55,1
2508,0.85,-0.05,0.54,1
2509,0.84,-0.05,0.55,1
2510,0.85,-0.06,0.54,1
2511,0.84,-0.05,0.54,1
2512,0.82,-0.06,0.54,1
2513,0.84,-0.04,0.55,1
2514,0.84,-0.07,0.56,1
2515,0.85,-0.06,0.54,1
2516,0.85,-0.06,0.54,1
2517,0.8,-0.04,0.53,1
2518,0.85,-0.05,0.54,1
2519,0.86,-0.07,0.57,1
2520,0.86,-0.07,0.57,1
2521,0.85,-0.08,0.58,1
2522,0.83,-0.04,0.51,1
2523,0.79,-0.07,0.48,1
2524,0.81,-0.05,0.52,1
2525,0.83,-0.04,0.5,1
2526,0.86,-0.03,0.59,1
2527,0.86,-0.06,0.63,1
2528,0.81,-0.11,0.52,1
2529,0.84,-0.06,0.52,1
2530,0.82,-0.12,0.51,1
2531,0.84,-0.02,0.54,1
2532,0.81,-0.05,0.58,1
2533,0.85,-0.11,0.53,1
2534,0.82,-0.03,0.59,1
2535,0.86,-0.08,0.53,1
2536,0.76,-0.01,0.58,1
2537,0.82,-0.09,0.56,1
2538,0.82,-0.03,0.5,1
2539,0.79,-0.02,0.66,1
2540,0.85,-0.07,0.6,1
2541,0.8,-0.03,0.52,1
2542,0.84,-0.11,0.49,1
2543,0.8,-0.05,0.54,1
2544,0.84,-0.02,0.58,1
2545,0.9,-0.09,0.51,1
2546,0.85,-0.05,0.53,1
2547,0.86,-0.07,0.53,1
2548,0.85,-0.06,0.51,1
2549,0.85,-0.06,0.51,1
2550,0.85,-0.06,0.5,0
2551,0.85,-0.06,0.51,0
2552,0.87,-0.05,0.53,0
2553,0.86,-0.06,0.51,0
2554,0.86,-0.07,0.51,0
2555,0.85,-0.05,0.51,0
2556,0.85,-0.05,0.51,0
2557,0.86,-0.06,0.51,0
2558,0.85,-0.05,0.52,0
2559,0.85,-0.06,0.51,0
2560,0.86,-0.05,0.51,0
2561,0.85,-0.05,0.51,0
2562,0.85,-0.05,0.5,0
2563,0.86,-0.05,0.51,0
2564,0.85,-0.05,0.51,0
2565,0.85,-0.05,0.5,0
2566,0.85,-0.05,0.51,0
2567,0.85,-0.05,0.52,0
2568,0.86,-0.05,0.5,0
2569,0.86,-0.05,0.5,0
2570,0.85,-0.06,0.51,0
2571,0.85,-0.05,0.5,0
2572,0.86,-0.05,0.51,0
2573,0.86,-0.05,0.51,0
2574,0.85,-0.06,0.49,0
2575,0.86,-0.05,0.5,0
2576,0.86,-0.05,0.51,0
2577,0.86,-0.05,0.51,0
2578,0.86,-0.05,0.51,0
2579,0.86,-0.05,0.5,0
2580,0.85,-0.05,0.5,0
2581,0.85,-0.06,0.5,0
2582,0.86,-0.06,0.51,0
2583,0.86,-0.05,0.52,0
2584,0.85,-0.06,0.51,0
2585,0.86,-0.05,0.5,0
2586,0.86,-0.05,0.5,0
2587,0.85,-0.06,0.51,0
2588,0.85,-0.06,0.51,0
2589,0.86,-0.06,0.51,0
2590,0.85,-0.06,0.51,0
2591,0.85,-0.05,0.51,0
2592,0.85,-0.06,0.51,0
2593,0.85,-0.05,0.51,0
2594,0.86,-0.06,0.53,0
2595,0.86,-0.06,0.52,0
2596,0.86,-0.06,0.52,0
2597,0.85,-0.06,0.52,0
2598,0.85,-0.06,0.51,0
2599,0.85,-0.06,0.51,0
2600,0.85,-0.06,0.51,0
2601,0.85,-0.05,0.51,0
2602,0.85,-0.05,0.51,0
2603,0.86,-0.06,0.52,0
2604,0.85,-0.06,0.53,0
2605,0.85,-0.06,0.52,0
2606,0.85,-0.06,0.53,0
2607,0.84,-0.07,0.54,0
2608,0.86,-0.06,0.54,0
2609,0.85,-0.07,0.55,0
2610,0.85,-0.06,0.54,0
2611,0.83,-0.05,0.53,0
2612,0.84,-0.06,0.52,0
2613,0.84,-0.06,0.53,0
2614,0.85,-0.05,0.54,0
2615,0.85,-0.05,0.53,0
2616,0.85,-0.05,0.53,0
2617,0.84,-0.04,0.53,0
2618,0.84,-0.04,0.54,0
2619,0.85,-0.04,0.54,0
2620,0.84,-0.04,0.54,0
2621,0.84,-0.04,0.54,0
2622,0.84,-0.03,0.54,0
2623,0.85,-0.05,0.55,0
2624,0.84,-0.05,0.55,0
2625,0.84,-0.05,0.55,0
2626,0.85,-0.05,0.55,0
2627,0.85,-0.04,0.54,0
2628,0.84,-0.04,0.54,0
2629,0.84,-0.05,0.55,0
2630,0.84,-0.05,0.56,0
2631,0.84,-0.05,0.55,0
2632,0.85,-0.05,0.55,0
2633,0.83,-0.05,0.55,0
2634,0.84,-0.05,0.54,0
2635,0.85,-0.05,0.55,0
2636,0.84,-0.06,0.56,0
2637,0.85,-0.05,0.55,0
2638,0.83,-0.05,0.54,0
2639,0.84,-0.05,0.55,0
2640,0.84,-0.06,0.56,0
2641,0.84,-0.05,0.55,0
2642,0.84,-0.06,0.55,0
2643,0.84,-0.06,0.56,0
2644,0.84,-0.06,0.55,0
2645,0.84,-0.06,0.55,0
2646,0.84,-0.06,0.56,0
2647,0.85,-0.06,0.55,0
2648,0.84,-0.06,0.55,0
2649,0.84,-0.06,0.55,0
2650,0.84,-0.06,0.56,0
2651,0.84,-0.06,0.55,0
2652,0.84,-0.06,0.54,0
2653,0.84,-0.06,0.54,0
2654,0.84,-0.06,0.55,0
2655,0.84,-0.07,0.55,0
2656,0.84,-0.06,0.55,0
2657,0.85,-0.07,0.54,0
2658,0.84,-0.07,0.54,0
2659,0.84,-0.06,0.54,0
2660,0.85,-0.06,0.53,0
2661,0.85,-0.06,0.55,0
2662,0.85,-0.06,0.56,0
2663,0.85,-0.06,0.55,0
2664,0.85,-0.06,0.55,0
2665,0.85,-0.06,0.54,0
2666,0.84,-0.06,0.54,0
2667,0.85,-0.06,0.54,0
2668,0.84,-0.06,0.54,0
2669,0.84,-0.06,0.55,0
2670,0.84,-0.06,0.55,0
2671,0.83,-0.05,0.55,0
2672,0.84,-0.05,0.55,0
2673,0.85,-0.06,0.57,0
2674,0.84,-0.06,0.55,0
2675,0.83,-0.05,0.55,0
2676,0.84,-0.05,0.55,0
2677,0.83,-0.06,0.56,0
2678,0.84,-0.06,0.56,0
2679,0.84,-0.06,0.56,0
2680,0.83,-0.06,0.56,0
2681,0.83,-0.05,0.56,0
2682,0.83,-0.05,0.56,0
2683,0.82,-0.05,0.57,0
2684,0.84,-0.06,0.57,0
2685,0.84,-0.05,0.58,0
2686,0.82,-0.06,0.57,0
2687,0.82,-0.05,0.55,0
2688,0.83,-0.06,0.56,0
2689,0.83,-0.06,0.57,0
2690,0.81,-0.06,0.57,0
2691,0.84,-0.05,0.57,0
2692,0.84,-0.05,0.58,0
2693,0.83,-0.05,0.58,0
2694,0.82,-0.06,0.57,0
2695,0.83,-0.06,0.58,0
2696,0.83,-0.06,0.57,0
2697,0.82,-0.06,0.56,0
2698,0.82,-0.05,0.56,0
2699,0.81,-0.04,0.57,0
2700,0.8,-0.04,0.58,0
2701,0.8,-0.07,0.58,0
2702,0.86,-0.08,0.57,0
2703,0.83,0.05,0.53,0
2704,0.86,-0.06,0.52,0
2705,0.84,-0.07,0.5,0
2706,0.83,-0.03,0.51,0
2707,0.85,-0.04,0.52,0
2708,0.85,-0.05,0.54,0
2709,0.86,-0.04,0.58,0
2710,0.86,-0.02,0.59,0
2711,0.83,-0.02,0.59,0
2712,0.84,-0.02,0.57,0
2713,0.82,-0.02,0.55,0
2714,0.82,-0.04,0.53,0
2715,0.82,-0.04,0.53,0
2716,0.84,-0.05,0.52,0
2717,0.85,-0.06,0.53,0
2718,0.85,-0.05,0.54,0
2719,0.85,-0.04,0.55,0
2720,0.85,-0.04,0.54,0
2721,0.85,-0.04,0.53,0
2722,0.85,-0.03,0.53,0
2723,0.85,-0.01,0.53,0
2724,0.84,-0.01,0.54,0
2725,0.82,-0.01,0.53,0
2726,0.83,-0.03,0.53,0
2727,0.85,-0.03,0.54,0
2728,0.86,-0.03,0.54,0
2729,0.86,-0.04,0.53,0
2730,0.85,-0.03,0.54,0
2731,0.85,-0.01,0.53,0
2732,0.85,-0.01,0.54,0
2733,0.86,-0.01,0.52,0
2734,0.88,0.0,0.5,0
2735,0.86,-0.01,0.5,0
2736,0.85,0.0,0.5,0
2737,0.85,-0.01,0.51,0
2738,0.81,0.0,0.53,0
2739,0.81,0.02,0.56,0
2740,0.87,-0.01,0.55,0
2741,0.85,-0.02,0.53,0
2742,0.84,-0.03,0.52,0
2743,0.84,-0.04,0.54,0
2744,0.83,0.01,0.54,0
2745,0.84,-0.01,0.56,0
2746,0.83,-0.01,0.55,0
2747,0.84,-0.02,0.56,0
2748,0.82,-0.01,0.57,0
2749,0.84,-0.04,0.61,0
2750,0.82,0.0,0.6,0
2751,0.77,-0.04,0.59,0
2752,0.78,-0.01,0.56,0
2753,0.85,-0.03,0.58,0
2754,0.79,-0.03,0.61,0
2755,0.76,-0.03,0.61,0
2756,0.87,-0.01,0.59,0
2757,0.85,-0.02,0.57,0
2758,0.83,-0.01,0.55,0
2759,0.78,-0.03,0.57,0
2760,0.8,-0.03,0.57,0
2761,0.83,-0.02,0.57,0
2762,0.84,-0.02,0.57,0
2763,0.84,-0.03,0.56,0
2764,0.84,-0.03,0.57,0
2765,0.83,-0.03,0.57,0
2766,0.84,-0.04,0.56,0
2767,0.85,-0.04,0.56,0
2768,0.83,-0.03,0.56,0
2769,0.83,-0.03,0.55,0
2770,0.84,-0.02,0.55,0
2771,0.83,-0.03,0.56,0
2772,0.84,-0.02,0.56,0
2773,0.84,-0.03,0.55,0
2774,0.84,-0.03,0.57,0
2775,0.84,-0.03,0.56,1
2776,0.83,-0.03,0.55,1
2777,0.84,-0.03,0.56,1
2778,0.84,-0.04,0.56,1
2779,0.82,-0.03,0.55,1
2780,0.85,-0.04,0.55,1
2781,0.84,-0.03,0.58,1
2782,0.82,-0.04,0.56,1
2783,0.83,-0.03,0.54,1
2784,0.85,-0.03,0.55,1
2785,0.83,-0.03,0.58,1
2786,0.81,-0.03,0.57,1
2787,0.83,-0.03,0.56,1
2788,0.84,-0.03,0.57,1
2789,0.84,-0.03,0.58,1
2790,0.81,-0.02,0.56,1
2791,0.82,-0.02,0.57,1
2792,0.83,-0.03,0.63,1
2793,0.85,-0.09,0.71,1
2794,0.85,-0.01,0.88,1
2795,1.01,-0.1,1.12,1
2796,1.26,-0.28,1.33,1
2797,1.42,-0.38,1.31,1
2798,1.61,-0.46,1.05,1
2799,1.42,-0.47,0.78,1
2800,1.16,-0.42,0.46,1
2801,0.77,-0.25,0.24,1
2802,0.3,0.0,0.12,1
2803,-0.13,0.21,0.02,1
2804,-0.37,0.36,0.07,1
2805,-0.6,0.31,0.05,1
2806,-0.54,0.45,0.15,1
2807,-0.33,0.62,0.21,1
2808,-0.08,0.84,0.35,1
2809,0.52,0.87,0.55,1
2810,1.66,0.88,0.73,1
2811,1.75,0.42,0.86,1
2812,2.07,0.15,0.88,1
2813,2.16,-0.41,1.2,1
2814,2.14,-0.16,1.67,1
2815,1.74,0.15,2.31,1
2816,1.57,0.45,2.21,1
2817,1.76,0.59,1.7,1
2818,1.56,0.56,1.27,1
2819,1.15,0.49,0.59,1
2820,0.76,0.31,0.14,1
2821,-0.01,0.1,-0.24,1
2822,0.12,-0.03,-0.38,1
2823,-0.21,-0.19,-0.49,1
2824,-0.43,-0.36,-0.54,1
2825,-0.33,-0.39,-0.64,1
2826,-0.18,-0.27,-0.68,1
2827,0.11,-0.17,-0.63,1
2828,0.39,0.01,-0.42,1
2829,0.69,0.12,-0.04,1
2830,1.08,0.45,0.9,1
2831,1.53,0.4,1.42,1
2832,1.34,0.53,1.75,1
2833,1.34,0.45,1.63,1
2834,1.2,0.37,1.37,1
2835,0.96,0.25,1.19,1
2836,0.85,0.18,1.0,1
2837,0.74,0.12,0.84,1
2838,0.79,0.21,0.69,1
2839,0.78,0.0,0.61,1
2840,0.82,0.02,0.57,1
2841,0.86,-0.08,0.57,1
2842,0.77,-0.06,0.53,1
2843,0.82,-0.03,0.54,1
2844,0.83,-0.03,0.58,1
2845,0.85,-0.02,0.58,1
2846,0.85,-0.04,0.56,1
2847,0.84,-0.05,0.55,1
2848,0.85,-0.03,0.57,1
2849,0.82,-0.04,0.57,1
2850,0.82,-0.04,0.55,1
2851,0.79,0.01,0.58,1
2852,0.83,-0.04,0.61,1
2853,0.8,0.02,0.59,1
2854,0.82,0.01,0.63,1
2855,0.79,0.0,0.67,1
2856,0.83,-0.03,0.65,1
2857,0.85,-0.04,0.56,1
2858,0.8,-0.11,0.47,1
2859,0.75,0.0,0.57,1
2860,0.74,0.04,0.59,1
2861,0.77,0.04,0.63,1
2862,0.78,0.04,0.7,1
2863,0.83,-0.04,0.65,1
2864,0.79,-0.04,0.54,1
2865,0.82,-0.04,0.57,1
2866,0.81,-0.01,0.57,1
2867,0.84,0.0,0.57,1
2868,0.83,0.0,0.58,1
2869,0.83,0.0,0.57,1
2870,0.83,-0.01,0.58,1
2871,0.85,-0.01,0.56,1
2872,0.82,0.0,0.56,1
2873,0.82,0.0,0.56,1
2874,0.85,0.0,0.55,1
2875,0.83,0.0,0.55,0
2876,0.84,-0.01,0.55,0
2877,0.84,-0.01,0.56,0
2878,0.85,0.0,0.57,0
2879,0.85,0.0,0.55,0
2880,0.85,-0.01,0.54,0
2881,0.84,-0.01,0.55,0
2882,0.83,0.0,0.54,0
2883,0.84,0.0,0.54,0
2884,0.84,0.0,0.55,0
2885,0.85,0.0,0.55,0
2886,0.84,0.0,0.56,0
2887,0.85,0.0,0.56,0
2888,0.84,0.0,0.55,0
2889,0.84,0.0,0.56,0
2890,0.84,-0.01,0.54,0
2891,0.83,0.0,0.53,0
2892,0.84,0.0,0.53,0
2893,0.84,-0.01,0.55,0
2894,0.85,-0.01,0.55,0
2895,0.84,-0.01,0.55,0
2896,0.86,-0.02,0.55,0
2897,0.86,-0.02,0.55,0
2898,0.85,-0.01,0.55,0
2899,0.85,-0.01,0.53,0
2900,0.85,-0.01,0.53,0
2901,0.82,0.0,0.52,0
2902,0.84,0.0,0.52,0
2903,0.84,-0.01,0.53,0
2904,0.85,-0.01,0.54,0
2905,0.84,-0.01,0.54,0
2906,0.86,-0.01,0.55,0
2907,0.85,-0.01,0.54,0
2908,0.85,-0.01,0.54,0
2909,0.84,-0.01,0.52,0
2910,0.82,-0.02,0.51,0
2911,0.85,0.0,0.53,0
2912,0.85,0.0,0.53,0
2913,0.84,0.01,0.53,0
2914,0.85,0.0,0.55,0
2915,0.85,0.01,0.55,0
2916,0.86,0.0,0.54,0
2917,0.87,-0.01,0.53,0
2918,0.85,-0.01,0.53,0
2919,0.85,-0.01,0.54,0
2920,0.84,-0.01,0.53,0
2921,0.85,0.0,0.54,0
2922,0.82,-0.01,0.54,0
2923,0.83,-0.01,0.55,0
2924,0.83,-0.04,0.54,0
2925,0.83,-0.03,0.52,0
2926,0.85,-0.04,0.54,0
2927,0.85,-0.01,0.55,0
2928,0.85,-0.02,0.54,0
2929,0.84,-0.03,0.54,0
2930,0.84,-0.02,0.53,0
2931,0.85,-0.02,0.52,0
2932,0.85,-0.01,0.53,0
2933,0.84,-0.01,0.55,0
2934,0.85,-0.01,0.55,0
2935,0.85,-0.01,0.54,0
2936,0.85,-0.02,0.53,0
2937,0.85,-0.02,0.53,0
2938,0.85,-0.03,0.52,0
2939,0.85,-0.02,0.53,0
2940,0.85,-0.01,0.53,0
2941,0.85,-0.01,0.48,0
2942,0.83,0.01,0.47,0
2943,0.84,0.06,0.42,0
2944,0.78,0.09,0.38,0
2945,0.74,0.11,0.37,0
2946,0.76,0.1,0.43,0
2947,0.76,0.03,0.47,0
2948,0.73,-0.01,0.58,0
2949,0.78,-0.08,0.66,0
2950,0.87,-0.13,0.68,0
2951,0.92,-0.2,0.73,0
2952,0.86,-0.21,0.77,0
2953,0.77,-0.23,0.77,0
2954,0.74,-0.2,0.75,0
2955,0.75,-0.14,0.76,0
2956,0.68,-0.09,0.74,0
2957,0.65,0.02,0.72,0
2958,0.65,0.07,0.72,0
2959,0.75,0.07,0.82,0
2960,0.63,0.1,0.76,0
2961,0.67,0.04,0.77,0
2962,0.74,0.04,0.81,0
2963,0.67,0.17,0.77,0
2964,0.6,0.22,0.78,0
2965,0.59,0.26,0.77,0
2966,0.58,0.31,0.75,0
2967,0.59,0.26,0.75,0
2968,0.59,0.25,0.74,0
2969,0.59,0.24,0.73,0
2970,0.6,0.17,0.69,0
2971,0.67,0.04,0.71,0
2972,0.75,0.15,0.72,0
2973,0.58,0.49,0.7,0
2974,0.57,0.43,0.77,0
2975,0.67,0.3,0.71,0
2976,0.66,0.33,0.69,0
2977,0.61,0.38,0.69,0
2978,0.65,0.36,0.68,0
2979,0.65,0.36,0.67,0
2980,0.63,0.36,0.67,0
2981,0.65,0.36,0.67,0
